,x0_2.0,x0_3.0,x0_4.0,x0_5.0,x1_0.0,x2_0.0,x2_1.0,x2_2.0,x2_3.0,x2_4.0,x2_5.0,X1,X2,X3,X4,X5,Y1,Y2
0,1.0,0.0,0.0,0.0,1.0,1.0,0.0,0.0,0.0,0.0,0.0,0.9999999999999998,0.0,0.2857142857142856,0.0,1.0,0,0
1,0.0,1.0,0.0,0.0,1.0,1.0,0.0,0.0,0.0,0.0,0.0,0.9999999999999998,0.0,0.2857142857142856,0.0,1.0,0,0
2,0.0,0.0,1.0,0.0,1.0,1.0,0.0,0.0,0.0,0.0,0.0,0.9999999999999998,0.0,0.2857142857142856,0.0,1.0,0,0
3,0.0,0.0,0.0,1.0,1.0,1.0,0.0,0.0,0.0,0.0,0.0,0.9999999999999998,0.0,0.2857142857142856,0.0,1.0,0,0
4,1.0,0.0,0.0,0.0,1.0,1.0,0.0,0.0,0.0,0.0,0.0,0.7777777777777779,0.16666666666666652,0.4285714285714286,0.11111111111111116,1.0,0,1
5,0.0,1.0,0.0,0.0,1.0,1.0,0.0,0.0,0.0,0.0,0.0,0.7777777777777779,0.16666666666666652,0.4285714285714286,0.11111111111111116,1.0,0,1
6,0.0,0.0,1.0,0.0,1.0,1.0,0.0,0.0,0.0,0.0,0.0,0.7777777777777779,0.16666666666666652,0.4285714285714286,0.11111111111111116,1.0,0,1
7,0.0,0.0,0.0,1.0,1.0,1.0,0.0,0.0,0.0,0.0,0.0,0.7777777777777779,0.16666666666666652,0.4285714285714286,0.11111111111111116,1.0,0,1
8,1.0,0.0,0.0,0.0,1.0,1.0,0.0,0.0,0.0,0.0,0.0,0.6666666666666667,0.25,0.2857142857142856,0.33333333333333326,1.0,0,1
9,0.0,1.0,0.0,0.0,1.0,1.0,0.0,0.0,0.0,0.0,0.0,0.6666666666666667,0.25,0.2857142857142856,0.33333333333333326,1.0,0,0
10,0.0,0.0,1.0,0.0,1.0,1.0,0.0,0.0,0.0,0.0,0.0,0.6666666666666667,0.25,0.2857142857142856,0.33333333333333326,1.0,0,0
11,0.0,0.0,0.0,1.0,1.0,1.0,0.0,0.0,0.0,0.0,0.0,0.6666666666666667,0.25,0.2857142857142856,0.33333333333333326,1.0,0,1
12,1.0,0.0,0.0,0.0,1.0,1.0,0.0,0.0,0.0,0.0,0.0,0.5555555555555556,0.33333333333333304,0.4285714285714286,0.33333333333333326,1.0,0,0
13,0.0,1.0,0.0,0.0,1.0,1.0,0.0,0.0,0.0,0.0,0.0,0.5555555555555556,0.33333333333333304,0.4285714285714286,0.33333333333333326,1.0,0,0
14,0.0,0.0,1.0,0.0,1.0,1.0,0.0,0.0,0.0,0.0,0.0,0.5555555555555556,0.33333333333333304,0.4285714285714286,0.33333333333333326,1.0,0,0
15,0.0,0.0,0.0,1.0,1.0,1.0,0.0,0.0,0.0,0.0,0.0,0.5555555555555556,0.33333333333333304,0.4285714285714286,0.33333333333333326,1.0,0,1
16,1.0,0.0,0.0,0.0,1.0,1.0,0.0,0.0,0.0,0.0,0.0,0.47222222222222254,0.4166666666666665,0.5714285714285714,0.33333333333333326,1.0,1,1
17,0.0,1.0,0.0,0.0,1.0,1.0,0.0,0.0,0.0,0.0,0.0,0.47222222222222254,0.4166666666666665,0.5714285714285714,0.33333333333333326,1.0,1,1
18,0.0,0.0,1.0,0.0,1.0,1.0,0.0,0.0,0.0,0.0,0.0,0.47222222222222254,0.4166666666666665,0.5714285714285714,0.33333333333333326,1.0,1,1
19,0.0,0.0,0.0,1.0,1.0,1.0,0.0,0.0,0.0,0.0,0.0,0.47222222222222254,0.4166666666666665,0.5714285714285714,0.33333333333333326,1.0,1,1
20,1.0,0.0,0.0,0.0,1.0,1.0,0.0,0.0,0.0,0.0,0.0,0.38888888888888906,0.5,0.9999999999999998,0.11111111111111116,1.0,1,1
21,0.0,1.0,0.0,0.0,1.0,1.0,0.0,0.0,0.0,0.0,0.0,0.38888888888888906,0.5,0.9999999999999998,0.11111111111111116,1.0,1,1
22,0.0,0.0,1.0,0.0,1.0,1.0,0.0,0.0,0.0,0.0,0.0,0.38888888888888906,0.5,0.9999999999999998,0.11111111111111116,1.0,1,1
23,0.0,0.0,0.0,1.0,1.0,1.0,0.0,0.0,0.0,0.0,0.0,0.38888888888888906,0.5,0.9999999999999998,0.11111111111111116,1.0,1,1
24,1.0,0.0,0.0,0.0,1.0,1.0,0.0,0.0,0.0,0.0,0.0,0.33333333333333326,0.583333333333333,0.0,1.0,0.0,0,0
25,0.0,1.0,0.0,0.0,1.0,1.0,0.0,0.0,0.0,0.0,0.0,0.33333333333333326,0.583333333333333,0.0,1.0,0.0,0,0
26,0.0,0.0,1.0,0.0,1.0,1.0,0.0,0.0,0.0,0.0,0.0,0.33333333333333326,0.583333333333333,0.0,1.0,0.0,0,0
27,0.0,0.0,0.0,1.0,1.0,1.0,0.0,0.0,0.0,0.0,0.0,0.33333333333333326,0.583333333333333,0.0,1.0,0.0,0,0
28,1.0,0.0,0.0,0.0,1.0,1.0,0.0,0.0,0.0,0.0,0.0,0.25,0.6666666666666665,0.1428571428571428,1.0,0.0,0,0
29,0.0,1.0,0.0,0.0,1.0,1.0,0.0,0.0,0.0,0.0,0.0,0.25,0.6666666666666665,0.1428571428571428,1.0,0.0,0,0
30,0.0,0.0,1.0,0.0,1.0,1.0,0.0,0.0,0.0,0.0,0.0,0.25,0.6666666666666665,0.1428571428571428,1.0,0.0,0,0
31,0.0,0.0,0.0,1.0,1.0,1.0,0.0,0.0,0.0,0.0,0.0,0.25,0.6666666666666665,0.1428571428571428,1.0,0.0,0,0
32,1.0,0.0,0.0,0.0,1.0,1.0,0.0,0.0,0.0,0.0,0.0,0.19444444444444442,0.75,0.2857142857142856,1.0,0.0,0,0
33,0.0,1.0,0.0,0.0,1.0,1.0,0.0,0.0,0.0,0.0,0.0,0.19444444444444442,0.75,0.2857142857142856,1.0,0.0,0,0
34,0.0,0.0,1.0,0.0,1.0,1.0,0.0,0.0,0.0,0.0,0.0,0.19444444444444442,0.75,0.2857142857142856,1.0,0.0,0,0
35,0.0,0.0,0.0,1.0,1.0,1.0,0.0,0.0,0.0,0.0,0.0,0.19444444444444442,0.75,0.2857142857142856,1.0,0.0,0,0
36,1.0,0.0,0.0,0.0,1.0,1.0,0.0,0.0,0.0,0.0,0.0,0.11111111111111116,0.833333333333333,0.4285714285714286,1.0,0.0,0,0
37,0.0,1.0,0.0,0.0,1.0,1.0,0.0,0.0,0.0,0.0,0.0,0.11111111111111116,0.833333333333333,0.4285714285714286,1.0,0.0,0,0
38,0.0,0.0,1.0,0.0,1.0,1.0,0.0,0.0,0.0,0.0,0.0,0.11111111111111116,0.833333333333333,0.4285714285714286,1.0,0.0,0,0
39,0.0,0.0,0.0,1.0,1.0,1.0,0.0,0.0,0.0,0.0,0.0,0.11111111111111116,0.833333333333333,0.4285714285714286,1.0,0.0,0,0
40,1.0,0.0,0.0,0.0,1.0,1.0,0.0,0.0,0.0,0.0,0.0,0.05555555555555558,0.9166666666666665,0.5714285714285714,1.0,0.0,0,0
41,0.0,1.0,0.0,0.0,1.0,1.0,0.0,0.0,0.0,0.0,0.0,0.05555555555555558,0.9166666666666665,0.5714285714285714,1.0,0.0,0,0
42,0.0,0.0,1.0,0.0,1.0,1.0,0.0,0.0,0.0,0.0,0.0,0.05555555555555558,0.9166666666666665,0.5714285714285714,1.0,0.0,0,0
43,0.0,0.0,0.0,1.0,1.0,1.0,0.0,0.0,0.0,0.0,0.0,0.05555555555555558,0.9166666666666665,0.5714285714285714,1.0,0.0,0,0
44,1.0,0.0,0.0,0.0,1.0,1.0,0.0,0.0,0.0,0.0,0.0,0.0,1.0,0.7142857142857142,1.0,0.0,0,0
45,0.0,1.0,0.0,0.0,1.0,1.0,0.0,0.0,0.0,0.0,0.0,0.0,1.0,0.7142857142857142,1.0,0.0,0,0
46,0.0,0.0,1.0,0.0,1.0,1.0,0.0,0.0,0.0,0.0,0.0,0.0,1.0,0.7142857142857142,1.0,0.0,0,0
47,0.0,0.0,0.0,1.0,1.0,1.0,0.0,0.0,0.0,0.0,0.0,0.0,1.0,0.7142857142857142,1.0,0.0,0,0
48,1.0,0.0,0.0,0.0,1.0,0.0,1.0,0.0,0.0,0.0,0.0,0.9999999999999998,0.0,0.2857142857142856,0.0,1.0,1,1
49,0.0,1.0,0.0,0.0,1.0,0.0,1.0,0.0,0.0,0.0,0.0,0.9999999999999998,0.0,0.2857142857142856,0.0,1.0,1,1
50,0.0,0.0,1.0,0.0,1.0,0.0,1.0,0.0,0.0,0.0,0.0,0.9999999999999998,0.0,0.2857142857142856,0.0,1.0,1,1
51,0.0,0.0,0.0,1.0,1.0,0.0,1.0,0.0,0.0,0.0,0.0,0.9999999999999998,0.0,0.2857142857142856,0.0,1.0,1,1
52,1.0,0.0,0.0,0.0,1.0,0.0,1.0,0.0,0.0,0.0,0.0,0.7777777777777779,0.16666666666666652,0.4285714285714286,0.11111111111111116,1.0,1,1
53,0.0,1.0,0.0,0.0,1.0,0.0,1.0,0.0,0.0,0.0,0.0,0.7777777777777779,0.16666666666666652,0.4285714285714286,0.11111111111111116,1.0,1,1
54,0.0,0.0,1.0,0.0,1.0,0.0,1.0,0.0,0.0,0.0,0.0,0.7777777777777779,0.16666666666666652,0.4285714285714286,0.11111111111111116,1.0,1,1
55,0.0,0.0,0.0,1.0,1.0,0.0,1.0,0.0,0.0,0.0,0.0,0.7777777777777779,0.16666666666666652,0.4285714285714286,0.11111111111111116,1.0,1,1
56,1.0,0.0,0.0,0.0,1.0,0.0,1.0,0.0,0.0,0.0,0.0,0.6666666666666667,0.25,0.2857142857142856,0.33333333333333326,1.0,1,1
57,0.0,1.0,0.0,0.0,1.0,0.0,1.0,0.0,0.0,0.0,0.0,0.6666666666666667,0.25,0.2857142857142856,0.33333333333333326,1.0,1,1
58,0.0,0.0,1.0,0.0,1.0,0.0,1.0,0.0,0.0,0.0,0.0,0.6666666666666667,0.25,0.2857142857142856,0.33333333333333326,1.0,1,1
59,0.0,0.0,0.0,1.0,1.0,0.0,1.0,0.0,0.0,0.0,0.0,0.6666666666666667,0.25,0.2857142857142856,0.33333333333333326,1.0,1,1
60,1.0,0.0,0.0,0.0,1.0,0.0,1.0,0.0,0.0,0.0,0.0,0.5555555555555556,0.33333333333333304,0.4285714285714286,0.33333333333333326,1.0,1,1
61,0.0,1.0,0.0,0.0,1.0,0.0,1.0,0.0,0.0,0.0,0.0,0.5555555555555556,0.33333333333333304,0.4285714285714286,0.33333333333333326,1.0,1,1
62,0.0,0.0,1.0,0.0,1.0,0.0,1.0,0.0,0.0,0.0,0.0,0.5555555555555556,0.33333333333333304,0.4285714285714286,0.33333333333333326,1.0,1,1
63,0.0,0.0,0.0,1.0,1.0,0.0,1.0,0.0,0.0,0.0,0.0,0.5555555555555556,0.33333333333333304,0.4285714285714286,0.33333333333333326,1.0,1,1
64,1.0,0.0,0.0,0.0,1.0,0.0,1.0,0.0,0.0,0.0,0.0,0.47222222222222254,0.4166666666666665,0.5714285714285714,0.33333333333333326,1.0,1,1
65,0.0,1.0,0.0,0.0,1.0,0.0,1.0,0.0,0.0,0.0,0.0,0.47222222222222254,0.4166666666666665,0.5714285714285714,0.33333333333333326,1.0,1,1
66,0.0,0.0,1.0,0.0,1.0,0.0,1.0,0.0,0.0,0.0,0.0,0.47222222222222254,0.4166666666666665,0.5714285714285714,0.33333333333333326,1.0,1,1
67,0.0,0.0,0.0,1.0,1.0,0.0,1.0,0.0,0.0,0.0,0.0,0.47222222222222254,0.4166666666666665,0.5714285714285714,0.33333333333333326,1.0,1,1
68,1.0,0.0,0.0,0.0,1.0,0.0,1.0,0.0,0.0,0.0,0.0,0.38888888888888906,0.5,0.9999999999999998,0.11111111111111116,1.0,1,1
69,0.0,1.0,0.0,0.0,1.0,0.0,1.0,0.0,0.0,0.0,0.0,0.38888888888888906,0.5,0.9999999999999998,0.11111111111111116,1.0,1,1
70,0.0,0.0,1.0,0.0,1.0,0.0,1.0,0.0,0.0,0.0,0.0,0.38888888888888906,0.5,0.9999999999999998,0.11111111111111116,1.0,1,1
71,0.0,0.0,0.0,1.0,1.0,0.0,1.0,0.0,0.0,0.0,0.0,0.38888888888888906,0.5,0.9999999999999998,0.11111111111111116,1.0,1,1
72,1.0,0.0,0.0,0.0,1.0,0.0,1.0,0.0,0.0,0.0,0.0,0.33333333333333326,0.583333333333333,0.0,1.0,0.0,0,0
73,0.0,1.0,0.0,0.0,1.0,0.0,1.0,0.0,0.0,0.0,0.0,0.33333333333333326,0.583333333333333,0.0,1.0,0.0,0,0
74,0.0,0.0,1.0,0.0,1.0,0.0,1.0,0.0,0.0,0.0,0.0,0.33333333333333326,0.583333333333333,0.0,1.0,0.0,0,0
75,0.0,0.0,0.0,1.0,1.0,0.0,1.0,0.0,0.0,0.0,0.0,0.33333333333333326,0.583333333333333,0.0,1.0,0.0,0,0
76,1.0,0.0,0.0,0.0,1.0,0.0,1.0,0.0,0.0,0.0,0.0,0.25,0.6666666666666665,0.1428571428571428,1.0,0.0,0,0
77,0.0,1.0,0.0,0.0,1.0,0.0,1.0,0.0,0.0,0.0,0.0,0.25,0.6666666666666665,0.1428571428571428,1.0,0.0,0,0
78,0.0,0.0,1.0,0.0,1.0,0.0,1.0,0.0,0.0,0.0,0.0,0.25,0.6666666666666665,0.1428571428571428,1.0,0.0,0,0
79,0.0,0.0,0.0,1.0,1.0,0.0,1.0,0.0,0.0,0.0,0.0,0.25,0.6666666666666665,0.1428571428571428,1.0,0.0,0,0
80,1.0,0.0,0.0,0.0,1.0,0.0,1.0,0.0,0.0,0.0,0.0,0.19444444444444442,0.75,0.2857142857142856,1.0,0.0,0,0
81,0.0,1.0,0.0,0.0,1.0,0.0,1.0,0.0,0.0,0.0,0.0,0.19444444444444442,0.75,0.2857142857142856,1.0,0.0,0,0
82,0.0,0.0,1.0,0.0,1.0,0.0,1.0,0.0,0.0,0.0,0.0,0.19444444444444442,0.75,0.2857142857142856,1.0,0.0,0,0
83,0.0,0.0,0.0,1.0,1.0,0.0,1.0,0.0,0.0,0.0,0.0,0.19444444444444442,0.75,0.2857142857142856,1.0,0.0,0,0
84,1.0,0.0,0.0,0.0,1.0,0.0,1.0,0.0,0.0,0.0,0.0,0.11111111111111116,0.833333333333333,0.4285714285714286,1.0,0.0,0,0
85,0.0,1.0,0.0,0.0,1.0,0.0,1.0,0.0,0.0,0.0,0.0,0.11111111111111116,0.833333333333333,0.4285714285714286,1.0,0.0,0,0
86,0.0,0.0,1.0,0.0,1.0,0.0,1.0,0.0,0.0,0.0,0.0,0.11111111111111116,0.833333333333333,0.4285714285714286,1.0,0.0,0,0
87,0.0,0.0,0.0,1.0,1.0,0.0,1.0,0.0,0.0,0.0,0.0,0.11111111111111116,0.833333333333333,0.4285714285714286,1.0,0.0,0,0
88,1.0,0.0,0.0,0.0,1.0,0.0,1.0,0.0,0.0,0.0,0.0,0.05555555555555558,0.9166666666666665,0.5714285714285714,1.0,0.0,0,0
89,0.0,1.0,0.0,0.0,1.0,0.0,1.0,0.0,0.0,0.0,0.0,0.05555555555555558,0.9166666666666665,0.5714285714285714,1.0,0.0,0,0
90,0.0,0.0,1.0,0.0,1.0,0.0,1.0,0.0,0.0,0.0,0.0,0.05555555555555558,0.9166666666666665,0.5714285714285714,1.0,0.0,0,0
91,0.0,0.0,0.0,1.0,1.0,0.0,1.0,0.0,0.0,0.0,0.0,0.05555555555555558,0.9166666666666665,0.5714285714285714,1.0,0.0,0,0
92,1.0,0.0,0.0,0.0,1.0,0.0,1.0,0.0,0.0,0.0,0.0,0.0,1.0,0.7142857142857142,1.0,0.0,0,0
93,0.0,1.0,0.0,0.0,1.0,0.0,1.0,0.0,0.0,0.0,0.0,0.0,1.0,0.7142857142857142,1.0,0.0,0,0
94,0.0,0.0,1.0,0.0,1.0,0.0,1.0,0.0,0.0,0.0,0.0,0.0,1.0,0.7142857142857142,1.0,0.0,0,0
95,0.0,0.0,0.0,1.0,1.0,0.0,1.0,0.0,0.0,0.0,0.0,0.0,1.0,0.7142857142857142,1.0,0.0,0,0
96,1.0,0.0,0.0,0.0,1.0,0.0,0.0,1.0,0.0,0.0,0.0,0.9999999999999998,0.0,0.2857142857142856,0.0,1.0,1,1
97,0.0,1.0,0.0,0.0,1.0,0.0,0.0,1.0,0.0,0.0,0.0,0.9999999999999998,0.0,0.2857142857142856,0.0,1.0,1,1
98,0.0,0.0,1.0,0.0,1.0,0.0,0.0,1.0,0.0,0.0,0.0,0.9999999999999998,0.0,0.2857142857142856,0.0,1.0,1,1
99,0.0,0.0,0.0,1.0,1.0,0.0,0.0,1.0,0.0,0.0,0.0,0.9999999999999998,0.0,0.2857142857142856,0.0,1.0,1,1
100,1.0,0.0,0.0,0.0,1.0,0.0,0.0,1.0,0.0,0.0,0.0,0.7777777777777779,0.16666666666666652,0.4285714285714286,0.11111111111111116,1.0,1,1
101,0.0,1.0,0.0,0.0,1.0,0.0,0.0,1.0,0.0,0.0,0.0,0.7777777777777779,0.16666666666666652,0.4285714285714286,0.11111111111111116,1.0,1,1
102,0.0,0.0,1.0,0.0,1.0,0.0,0.0,1.0,0.0,0.0,0.0,0.7777777777777779,0.16666666666666652,0.4285714285714286,0.11111111111111116,1.0,1,1
103,0.0,0.0,0.0,1.0,1.0,0.0,0.0,1.0,0.0,0.0,0.0,0.7777777777777779,0.16666666666666652,0.4285714285714286,0.11111111111111116,1.0,1,1
104,1.0,0.0,0.0,0.0,1.0,0.0,0.0,1.0,0.0,0.0,0.0,0.6666666666666667,0.25,0.2857142857142856,0.33333333333333326,1.0,1,1
105,0.0,1.0,0.0,0.0,1.0,0.0,0.0,1.0,0.0,0.0,0.0,0.6666666666666667,0.25,0.2857142857142856,0.33333333333333326,1.0,1,1
106,0.0,0.0,1.0,0.0,1.0,0.0,0.0,1.0,0.0,0.0,0.0,0.6666666666666667,0.25,0.2857142857142856,0.33333333333333326,1.0,1,1
107,0.0,0.0,0.0,1.0,1.0,0.0,0.0,1.0,0.0,0.0,0.0,0.6666666666666667,0.25,0.2857142857142856,0.33333333333333326,1.0,1,1
108,1.0,0.0,0.0,0.0,1.0,0.0,0.0,1.0,0.0,0.0,0.0,0.5555555555555556,0.33333333333333304,0.4285714285714286,0.33333333333333326,1.0,1,1
109,0.0,1.0,0.0,0.0,1.0,0.0,0.0,1.0,0.0,0.0,0.0,0.5555555555555556,0.33333333333333304,0.4285714285714286,0.33333333333333326,1.0,1,1
110,0.0,0.0,1.0,0.0,1.0,0.0,0.0,1.0,0.0,0.0,0.0,0.5555555555555556,0.33333333333333304,0.4285714285714286,0.33333333333333326,1.0,1,1
111,0.0,0.0,0.0,1.0,1.0,0.0,0.0,1.0,0.0,0.0,0.0,0.5555555555555556,0.33333333333333304,0.4285714285714286,0.33333333333333326,1.0,1,1
112,1.0,0.0,0.0,0.0,1.0,0.0,0.0,1.0,0.0,0.0,0.0,0.47222222222222254,0.4166666666666665,0.5714285714285714,0.33333333333333326,1.0,1,1
113,0.0,1.0,0.0,0.0,1.0,0.0,0.0,1.0,0.0,0.0,0.0,0.47222222222222254,0.4166666666666665,0.5714285714285714,0.33333333333333326,1.0,1,1
114,0.0,0.0,1.0,0.0,1.0,0.0,0.0,1.0,0.0,0.0,0.0,0.47222222222222254,0.4166666666666665,0.5714285714285714,0.33333333333333326,1.0,1,1
115,0.0,0.0,0.0,1.0,1.0,0.0,0.0,1.0,0.0,0.0,0.0,0.47222222222222254,0.4166666666666665,0.5714285714285714,0.33333333333333326,1.0,1,1
116,1.0,0.0,0.0,0.0,1.0,0.0,0.0,1.0,0.0,0.0,0.0,0.38888888888888906,0.5,0.9999999999999998,0.11111111111111116,1.0,1,1
117,0.0,1.0,0.0,0.0,1.0,0.0,0.0,1.0,0.0,0.0,0.0,0.38888888888888906,0.5,0.9999999999999998,0.11111111111111116,1.0,1,1
118,0.0,0.0,1.0,0.0,1.0,0.0,0.0,1.0,0.0,0.0,0.0,0.38888888888888906,0.5,0.9999999999999998,0.11111111111111116,1.0,1,1
119,0.0,0.0,0.0,1.0,1.0,0.0,0.0,1.0,0.0,0.0,0.0,0.38888888888888906,0.5,0.9999999999999998,0.11111111111111116,1.0,1,1
120,1.0,0.0,0.0,0.0,1.0,0.0,0.0,1.0,0.0,0.0,0.0,0.33333333333333326,0.583333333333333,0.0,1.0,0.0,0,0
121,0.0,1.0,0.0,0.0,1.0,0.0,0.0,1.0,0.0,0.0,0.0,0.33333333333333326,0.583333333333333,0.0,1.0,0.0,0,0
122,0.0,0.0,1.0,0.0,1.0,0.0,0.0,1.0,0.0,0.0,0.0,0.33333333333333326,0.583333333333333,0.0,1.0,0.0,0,0
123,0.0,0.0,0.0,1.0,1.0,0.0,0.0,1.0,0.0,0.0,0.0,0.33333333333333326,0.583333333333333,0.0,1.0,0.0,0,0
124,1.0,0.0,0.0,0.0,1.0,0.0,0.0,1.0,0.0,0.0,0.0,0.25,0.6666666666666665,0.1428571428571428,1.0,0.0,0,0
125,0.0,1.0,0.0,0.0,1.0,0.0,0.0,1.0,0.0,0.0,0.0,0.25,0.6666666666666665,0.1428571428571428,1.0,0.0,0,0
126,0.0,0.0,1.0,0.0,1.0,0.0,0.0,1.0,0.0,0.0,0.0,0.25,0.6666666666666665,0.1428571428571428,1.0,0.0,0,0
127,0.0,0.0,0.0,1.0,1.0,0.0,0.0,1.0,0.0,0.0,0.0,0.25,0.6666666666666665,0.1428571428571428,1.0,0.0,0,0
128,1.0,0.0,0.0,0.0,1.0,0.0,0.0,1.0,0.0,0.0,0.0,0.19444444444444442,0.75,0.2857142857142856,1.0,0.0,0,0
129,0.0,1.0,0.0,0.0,1.0,0.0,0.0,1.0,0.0,0.0,0.0,0.19444444444444442,0.75,0.2857142857142856,1.0,0.0,0,0
130,0.0,0.0,1.0,0.0,1.0,0.0,0.0,1.0,0.0,0.0,0.0,0.19444444444444442,0.75,0.2857142857142856,1.0,0.0,0,0
131,0.0,0.0,0.0,1.0,1.0,0.0,0.0,1.0,0.0,0.0,0.0,0.19444444444444442,0.75,0.2857142857142856,1.0,0.0,0,0
132,1.0,0.0,0.0,0.0,1.0,0.0,0.0,1.0,0.0,0.0,0.0,0.11111111111111116,0.833333333333333,0.4285714285714286,1.0,0.0,0,0
133,0.0,1.0,0.0,0.0,1.0,0.0,0.0,1.0,0.0,0.0,0.0,0.11111111111111116,0.833333333333333,0.4285714285714286,1.0,0.0,0,0
134,0.0,0.0,1.0,0.0,1.0,0.0,0.0,1.0,0.0,0.0,0.0,0.11111111111111116,0.833333333333333,0.4285714285714286,1.0,0.0,0,0
135,0.0,0.0,0.0,1.0,1.0,0.0,0.0,1.0,0.0,0.0,0.0,0.11111111111111116,0.833333333333333,0.4285714285714286,1.0,0.0,0,0
136,1.0,0.0,0.0,0.0,1.0,0.0,0.0,1.0,0.0,0.0,0.0,0.05555555555555558,0.9166666666666665,0.5714285714285714,1.0,0.0,0,0
137,0.0,1.0,0.0,0.0,1.0,0.0,0.0,1.0,0.0,0.0,0.0,0.05555555555555558,0.9166666666666665,0.5714285714285714,1.0,0.0,0,0
138,0.0,0.0,1.0,0.0,1.0,0.0,0.0,1.0,0.0,0.0,0.0,0.05555555555555558,0.9166666666666665,0.5714285714285714,1.0,0.0,0,0
139,0.0,0.0,0.0,1.0,1.0,0.0,0.0,1.0,0.0,0.0,0.0,0.05555555555555558,0.9166666666666665,0.5714285714285714,1.0,0.0,0,0
140,1.0,0.0,0.0,0.0,1.0,0.0,0.0,1.0,0.0,0.0,0.0,0.0,1.0,0.7142857142857142,1.0,0.0,0,0
141,0.0,1.0,0.0,0.0,1.0,0.0,0.0,1.0,0.0,0.0,0.0,0.0,1.0,0.7142857142857142,1.0,0.0,0,0
142,0.0,0.0,1.0,0.0,1.0,0.0,0.0,1.0,0.0,0.0,0.0,0.0,1.0,0.7142857142857142,1.0,0.0,0,0
143,0.0,0.0,0.0,1.0,1.0,0.0,0.0,1.0,0.0,0.0,0.0,0.0,1.0,0.7142857142857142,1.0,0.0,0,0
144,1.0,0.0,0.0,0.0,1.0,0.0,0.0,0.0,1.0,0.0,0.0,0.9999999999999998,0.0,0.2857142857142856,0.0,1.0,1,1
145,0.0,1.0,0.0,0.0,1.0,0.0,0.0,0.0,1.0,0.0,0.0,0.9999999999999998,0.0,0.2857142857142856,0.0,1.0,1,1
146,0.0,0.0,1.0,0.0,1.0,0.0,0.0,0.0,1.0,0.0,0.0,0.9999999999999998,0.0,0.2857142857142856,0.0,1.0,1,1
147,0.0,0.0,0.0,1.0,1.0,0.0,0.0,0.0,1.0,0.0,0.0,0.9999999999999998,0.0,0.2857142857142856,0.0,1.0,1,1
148,1.0,0.0,0.0,0.0,1.0,0.0,0.0,0.0,1.0,0.0,0.0,0.7777777777777779,0.16666666666666652,0.4285714285714286,0.11111111111111116,1.0,1,1
149,0.0,1.0,0.0,0.0,1.0,0.0,0.0,0.0,1.0,0.0,0.0,0.7777777777777779,0.16666666666666652,0.4285714285714286,0.11111111111111116,1.0,1,1
150,0.0,0.0,1.0,0.0,1.0,0.0,0.0,0.0,1.0,0.0,0.0,0.7777777777777779,0.16666666666666652,0.4285714285714286,0.11111111111111116,1.0,1,1
151,0.0,0.0,0.0,1.0,1.0,0.0,0.0,0.0,1.0,0.0,0.0,0.7777777777777779,0.16666666666666652,0.4285714285714286,0.11111111111111116,1.0,1,1
152,1.0,0.0,0.0,0.0,1.0,0.0,0.0,0.0,1.0,0.0,0.0,0.6666666666666667,0.25,0.2857142857142856,0.33333333333333326,1.0,1,1
153,0.0,1.0,0.0,0.0,1.0,0.0,0.0,0.0,1.0,0.0,0.0,0.6666666666666667,0.25,0.2857142857142856,0.33333333333333326,1.0,1,1
154,0.0,0.0,1.0,0.0,1.0,0.0,0.0,0.0,1.0,0.0,0.0,0.6666666666666667,0.25,0.2857142857142856,0.33333333333333326,1.0,1,1
155,0.0,0.0,0.0,1.0,1.0,0.0,0.0,0.0,1.0,0.0,0.0,0.6666666666666667,0.25,0.2857142857142856,0.33333333333333326,1.0,1,1
156,1.0,0.0,0.0,0.0,1.0,0.0,0.0,0.0,1.0,0.0,0.0,0.5555555555555556,0.33333333333333304,0.4285714285714286,0.33333333333333326,1.0,1,1
157,0.0,1.0,0.0,0.0,1.0,0.0,0.0,0.0,1.0,0.0,0.0,0.5555555555555556,0.33333333333333304,0.4285714285714286,0.33333333333333326,1.0,1,1
158,0.0,0.0,1.0,0.0,1.0,0.0,0.0,0.0,1.0,0.0,0.0,0.5555555555555556,0.33333333333333304,0.4285714285714286,0.33333333333333326,1.0,1,1
159,0.0,0.0,0.0,1.0,1.0,0.0,0.0,0.0,1.0,0.0,0.0,0.5555555555555556,0.33333333333333304,0.4285714285714286,0.33333333333333326,1.0,1,1
160,1.0,0.0,0.0,0.0,1.0,0.0,0.0,0.0,1.0,0.0,0.0,0.47222222222222254,0.4166666666666665,0.5714285714285714,0.33333333333333326,1.0,1,1
161,0.0,1.0,0.0,0.0,1.0,0.0,0.0,0.0,1.0,0.0,0.0,0.47222222222222254,0.4166666666666665,0.5714285714285714,0.33333333333333326,1.0,1,1
162,0.0,0.0,1.0,0.0,1.0,0.0,0.0,0.0,1.0,0.0,0.0,0.47222222222222254,0.4166666666666665,0.5714285714285714,0.33333333333333326,1.0,1,1
163,0.0,0.0,0.0,1.0,1.0,0.0,0.0,0.0,1.0,0.0,0.0,0.47222222222222254,0.4166666666666665,0.5714285714285714,0.33333333333333326,1.0,1,1
164,1.0,0.0,0.0,0.0,1.0,0.0,0.0,0.0,1.0,0.0,0.0,0.38888888888888906,0.5,0.9999999999999998,0.11111111111111116,1.0,1,1
165,0.0,1.0,0.0,0.0,1.0,0.0,0.0,0.0,1.0,0.0,0.0,0.38888888888888906,0.5,0.9999999999999998,0.11111111111111116,1.0,1,1
166,0.0,0.0,1.0,0.0,1.0,0.0,0.0,0.0,1.0,0.0,0.0,0.38888888888888906,0.5,0.9999999999999998,0.11111111111111116,1.0,1,1
167,0.0,0.0,0.0,1.0,1.0,0.0,0.0,0.0,1.0,0.0,0.0,0.38888888888888906,0.5,0.9999999999999998,0.11111111111111116,1.0,1,1
168,1.0,0.0,0.0,0.0,1.0,0.0,0.0,0.0,1.0,0.0,0.0,0.33333333333333326,0.583333333333333,0.0,1.0,0.0,0,0
169,0.0,1.0,0.0,0.0,1.0,0.0,0.0,0.0,1.0,0.0,0.0,0.33333333333333326,0.583333333333333,0.0,1.0,0.0,0,0
170,0.0,0.0,1.0,0.0,1.0,0.0,0.0,0.0,1.0,0.0,0.0,0.33333333333333326,0.583333333333333,0.0,1.0,0.0,0,0
171,0.0,0.0,0.0,1.0,1.0,0.0,0.0,0.0,1.0,0.0,0.0,0.33333333333333326,0.583333333333333,0.0,1.0,0.0,0,0
172,1.0,0.0,0.0,0.0,1.0,0.0,0.0,0.0,1.0,0.0,0.0,0.25,0.6666666666666665,0.1428571428571428,1.0,0.0,0,0
173,0.0,1.0,0.0,0.0,1.0,0.0,0.0,0.0,1.0,0.0,0.0,0.25,0.6666666666666665,0.1428571428571428,1.0,0.0,0,0
174,0.0,0.0,1.0,0.0,1.0,0.0,0.0,0.0,1.0,0.0,0.0,0.25,0.6666666666666665,0.1428571428571428,1.0,0.0,0,0
175,0.0,0.0,0.0,1.0,1.0,0.0,0.0,0.0,1.0,0.0,0.0,0.25,0.6666666666666665,0.1428571428571428,1.0,0.0,0,0
176,1.0,0.0,0.0,0.0,1.0,0.0,0.0,0.0,1.0,0.0,0.0,0.19444444444444442,0.75,0.2857142857142856,1.0,0.0,0,0
177,0.0,1.0,0.0,0.0,1.0,0.0,0.0,0.0,1.0,0.0,0.0,0.19444444444444442,0.75,0.2857142857142856,1.0,0.0,0,0
178,0.0,0.0,1.0,0.0,1.0,0.0,0.0,0.0,1.0,0.0,0.0,0.19444444444444442,0.75,0.2857142857142856,1.0,0.0,0,0
179,0.0,0.0,0.0,1.0,1.0,0.0,0.0,0.0,1.0,0.0,0.0,0.19444444444444442,0.75,0.2857142857142856,1.0,0.0,0,0
180,1.0,0.0,0.0,0.0,1.0,0.0,0.0,0.0,1.0,0.0,0.0,0.11111111111111116,0.833333333333333,0.4285714285714286,1.0,0.0,0,0
181,0.0,1.0,0.0,0.0,1.0,0.0,0.0,0.0,1.0,0.0,0.0,0.11111111111111116,0.833333333333333,0.4285714285714286,1.0,0.0,0,0
182,0.0,0.0,1.0,0.0,1.0,0.0,0.0,0.0,1.0,0.0,0.0,0.11111111111111116,0.833333333333333,0.4285714285714286,1.0,0.0,0,0
183,0.0,0.0,0.0,1.0,1.0,0.0,0.0,0.0,1.0,0.0,0.0,0.11111111111111116,0.833333333333333,0.4285714285714286,1.0,0.0,0,0
184,1.0,0.0,0.0,0.0,1.0,0.0,0.0,0.0,1.0,0.0,0.0,0.05555555555555558,0.9166666666666665,0.5714285714285714,1.0,0.0,0,0
185,0.0,1.0,0.0,0.0,1.0,0.0,0.0,0.0,1.0,0.0,0.0,0.05555555555555558,0.9166666666666665,0.5714285714285714,1.0,0.0,0,0
186,0.0,0.0,1.0,0.0,1.0,0.0,0.0,0.0,1.0,0.0,0.0,0.05555555555555558,0.9166666666666665,0.5714285714285714,1.0,0.0,0,0
187,0.0,0.0,0.0,1.0,1.0,0.0,0.0,0.0,1.0,0.0,0.0,0.05555555555555558,0.9166666666666665,0.5714285714285714,1.0,0.0,0,0
188,1.0,0.0,0.0,0.0,1.0,0.0,0.0,0.0,1.0,0.0,0.0,0.0,1.0,0.7142857142857142,1.0,0.0,0,0
189,0.0,1.0,0.0,0.0,1.0,0.0,0.0,0.0,1.0,0.0,0.0,0.0,1.0,0.7142857142857142,1.0,0.0,0,0
190,0.0,0.0,1.0,0.0,1.0,0.0,0.0,0.0,1.0,0.0,0.0,0.0,1.0,0.7142857142857142,1.0,0.0,0,0
191,0.0,0.0,0.0,1.0,1.0,0.0,0.0,0.0,1.0,0.0,0.0,0.0,1.0,0.7142857142857142,1.0,0.0,0,0
192,1.0,0.0,0.0,0.0,1.0,0.0,0.0,0.0,0.0,1.0,0.0,0.9999999999999998,0.0,0.2857142857142856,0.0,1.0,1,1
193,0.0,1.0,0.0,0.0,1.0,0.0,0.0,0.0,0.0,1.0,0.0,0.9999999999999998,0.0,0.2857142857142856,0.0,1.0,1,1
194,0.0,0.0,1.0,0.0,1.0,0.0,0.0,0.0,0.0,1.0,0.0,0.9999999999999998,0.0,0.2857142857142856,0.0,1.0,1,1
195,0.0,0.0,0.0,1.0,1.0,0.0,0.0,0.0,0.0,1.0,0.0,0.9999999999999998,0.0,0.2857142857142856,0.0,1.0,1,1
196,1.0,0.0,0.0,0.0,1.0,0.0,0.0,0.0,0.0,1.0,0.0,0.7777777777777779,0.16666666666666652,0.4285714285714286,0.11111111111111116,1.0,1,1
197,0.0,1.0,0.0,0.0,1.0,0.0,0.0,0.0,0.0,1.0,0.0,0.7777777777777779,0.16666666666666652,0.4285714285714286,0.11111111111111116,1.0,1,1
198,0.0,0.0,1.0,0.0,1.0,0.0,0.0,0.0,0.0,1.0,0.0,0.7777777777777779,0.16666666666666652,0.4285714285714286,0.11111111111111116,1.0,1,1
199,0.0,0.0,0.0,1.0,1.0,0.0,0.0,0.0,0.0,1.0,0.0,0.7777777777777779,0.16666666666666652,0.4285714285714286,0.11111111111111116,1.0,1,1
200,1.0,0.0,0.0,0.0,1.0,0.0,0.0,0.0,0.0,1.0,0.0,0.6666666666666667,0.25,0.2857142857142856,0.33333333333333326,1.0,1,1
201,0.0,1.0,0.0,0.0,1.0,0.0,0.0,0.0,0.0,1.0,0.0,0.6666666666666667,0.25,0.2857142857142856,0.33333333333333326,1.0,1,1
202,0.0,0.0,1.0,0.0,1.0,0.0,0.0,0.0,0.0,1.0,0.0,0.6666666666666667,0.25,0.2857142857142856,0.33333333333333326,1.0,1,1
203,0.0,0.0,0.0,1.0,1.0,0.0,0.0,0.0,0.0,1.0,0.0,0.6666666666666667,0.25,0.2857142857142856,0.33333333333333326,1.0,1,1
204,1.0,0.0,0.0,0.0,1.0,0.0,0.0,0.0,0.0,1.0,0.0,0.5555555555555556,0.33333333333333304,0.4285714285714286,0.33333333333333326,1.0,1,1
205,0.0,1.0,0.0,0.0,1.0,0.0,0.0,0.0,0.0,1.0,0.0,0.5555555555555556,0.33333333333333304,0.4285714285714286,0.33333333333333326,1.0,1,1
206,0.0,0.0,1.0,0.0,1.0,0.0,0.0,0.0,0.0,1.0,0.0,0.5555555555555556,0.33333333333333304,0.4285714285714286,0.33333333333333326,1.0,1,1
207,0.0,0.0,0.0,1.0,1.0,0.0,0.0,0.0,0.0,1.0,0.0,0.5555555555555556,0.33333333333333304,0.4285714285714286,0.33333333333333326,1.0,1,1
208,1.0,0.0,0.0,0.0,1.0,0.0,0.0,0.0,0.0,1.0,0.0,0.47222222222222254,0.4166666666666665,0.5714285714285714,0.33333333333333326,1.0,1,1
209,0.0,1.0,0.0,0.0,1.0,0.0,0.0,0.0,0.0,1.0,0.0,0.47222222222222254,0.4166666666666665,0.5714285714285714,0.33333333333333326,1.0,1,1
210,0.0,0.0,1.0,0.0,1.0,0.0,0.0,0.0,0.0,1.0,0.0,0.47222222222222254,0.4166666666666665,0.5714285714285714,0.33333333333333326,1.0,1,1
211,0.0,0.0,0.0,1.0,1.0,0.0,0.0,0.0,0.0,1.0,0.0,0.47222222222222254,0.4166666666666665,0.5714285714285714,0.33333333333333326,1.0,1,1
212,1.0,0.0,0.0,0.0,1.0,0.0,0.0,0.0,0.0,1.0,0.0,0.38888888888888906,0.5,0.9999999999999998,0.11111111111111116,1.0,1,1
213,0.0,1.0,0.0,0.0,1.0,0.0,0.0,0.0,0.0,1.0,0.0,0.38888888888888906,0.5,0.9999999999999998,0.11111111111111116,1.0,1,1
214,0.0,0.0,1.0,0.0,1.0,0.0,0.0,0.0,0.0,1.0,0.0,0.38888888888888906,0.5,0.9999999999999998,0.11111111111111116,1.0,1,1
215,0.0,0.0,0.0,1.0,1.0,0.0,0.0,0.0,0.0,1.0,0.0,0.38888888888888906,0.5,0.9999999999999998,0.11111111111111116,1.0,1,1
216,1.0,0.0,0.0,0.0,1.0,0.0,0.0,0.0,0.0,1.0,0.0,0.33333333333333326,0.583333333333333,0.0,1.0,0.0,0,0
217,0.0,1.0,0.0,0.0,1.0,0.0,0.0,0.0,0.0,1.0,0.0,0.33333333333333326,0.583333333333333,0.0,1.0,0.0,0,0
218,0.0,0.0,1.0,0.0,1.0,0.0,0.0,0.0,0.0,1.0,0.0,0.33333333333333326,0.583333333333333,0.0,1.0,0.0,0,0
219,0.0,0.0,0.0,1.0,1.0,0.0,0.0,0.0,0.0,1.0,0.0,0.33333333333333326,0.583333333333333,0.0,1.0,0.0,0,0
220,1.0,0.0,0.0,0.0,1.0,0.0,0.0,0.0,0.0,1.0,0.0,0.25,0.6666666666666665,0.1428571428571428,1.0,0.0,0,0
221,0.0,1.0,0.0,0.0,1.0,0.0,0.0,0.0,0.0,1.0,0.0,0.25,0.6666666666666665,0.1428571428571428,1.0,0.0,0,0
222,0.0,0.0,1.0,0.0,1.0,0.0,0.0,0.0,0.0,1.0,0.0,0.25,0.6666666666666665,0.1428571428571428,1.0,0.0,0,0
223,0.0,0.0,0.0,1.0,1.0,0.0,0.0,0.0,0.0,1.0,0.0,0.25,0.6666666666666665,0.1428571428571428,1.0,0.0,0,0
224,1.0,0.0,0.0,0.0,1.0,0.0,0.0,0.0,0.0,1.0,0.0,0.19444444444444442,0.75,0.2857142857142856,1.0,0.0,0,0
225,0.0,1.0,0.0,0.0,1.0,0.0,0.0,0.0,0.0,1.0,0.0,0.19444444444444442,0.75,0.2857142857142856,1.0,0.0,0,0
226,0.0,0.0,1.0,0.0,1.0,0.0,0.0,0.0,0.0,1.0,0.0,0.19444444444444442,0.75,0.2857142857142856,1.0,0.0,0,0
227,0.0,0.0,0.0,1.0,1.0,0.0,0.0,0.0,0.0,1.0,0.0,0.19444444444444442,0.75,0.2857142857142856,1.0,0.0,0,0
228,1.0,0.0,0.0,0.0,1.0,0.0,0.0,0.0,0.0,1.0,0.0,0.11111111111111116,0.833333333333333,0.4285714285714286,1.0,0.0,0,0
229,0.0,1.0,0.0,0.0,1.0,0.0,0.0,0.0,0.0,1.0,0.0,0.11111111111111116,0.833333333333333,0.4285714285714286,1.0,0.0,0,0
230,0.0,0.0,1.0,0.0,1.0,0.0,0.0,0.0,0.0,1.0,0.0,0.11111111111111116,0.833333333333333,0.4285714285714286,1.0,0.0,0,0
231,0.0,0.0,0.0,1.0,1.0,0.0,0.0,0.0,0.0,1.0,0.0,0.11111111111111116,0.833333333333333,0.4285714285714286,1.0,0.0,0,0
232,1.0,0.0,0.0,0.0,1.0,0.0,0.0,0.0,0.0,1.0,0.0,0.05555555555555558,0.9166666666666665,0.5714285714285714,1.0,0.0,0,0
233,0.0,1.0,0.0,0.0,1.0,0.0,0.0,0.0,0.0,1.0,0.0,0.05555555555555558,0.9166666666666665,0.5714285714285714,1.0,0.0,0,0
234,0.0,0.0,1.0,0.0,1.0,0.0,0.0,0.0,0.0,1.0,0.0,0.05555555555555558,0.9166666666666665,0.5714285714285714,1.0,0.0,0,0
235,0.0,0.0,0.0,1.0,1.0,0.0,0.0,0.0,0.0,1.0,0.0,0.05555555555555558,0.9166666666666665,0.5714285714285714,1.0,0.0,0,0
236,1.0,0.0,0.0,0.0,1.0,0.0,0.0,0.0,0.0,1.0,0.0,0.0,1.0,0.7142857142857142,1.0,0.0,0,0
237,0.0,1.0,0.0,0.0,1.0,0.0,0.0,0.0,0.0,1.0,0.0,0.0,1.0,0.7142857142857142,1.0,0.0,0,0
238,0.0,0.0,1.0,0.0,1.0,0.0,0.0,0.0,0.0,1.0,0.0,0.0,1.0,0.7142857142857142,1.0,0.0,0,0
239,0.0,0.0,0.0,1.0,1.0,0.0,0.0,0.0,0.0,1.0,0.0,0.0,1.0,0.7142857142857142,1.0,0.0,0,0
240,1.0,0.0,0.0,0.0,1.0,0.0,0.0,0.0,0.0,0.0,1.0,0.9999999999999998,0.0,0.2857142857142856,0.0,1.0,1,1
241,0.0,1.0,0.0,0.0,1.0,0.0,0.0,0.0,0.0,0.0,1.0,0.9999999999999998,0.0,0.2857142857142856,0.0,1.0,1,1
242,0.0,0.0,1.0,0.0,1.0,0.0,0.0,0.0,0.0,0.0,1.0,0.9999999999999998,0.0,0.2857142857142856,0.0,1.0,1,1
243,0.0,0.0,0.0,1.0,1.0,0.0,0.0,0.0,0.0,0.0,1.0,0.9999999999999998,0.0,0.2857142857142856,0.0,1.0,1,1
244,1.0,0.0,0.0,0.0,1.0,0.0,0.0,0.0,0.0,0.0,1.0,0.7777777777777779,0.16666666666666652,0.4285714285714286,0.11111111111111116,1.0,1,1
245,0.0,1.0,0.0,0.0,1.0,0.0,0.0,0.0,0.0,0.0,1.0,0.7777777777777779,0.16666666666666652,0.4285714285714286,0.11111111111111116,1.0,1,1
246,0.0,0.0,1.0,0.0,1.0,0.0,0.0,0.0,0.0,0.0,1.0,0.7777777777777779,0.16666666666666652,0.4285714285714286,0.11111111111111116,1.0,1,1
247,0.0,0.0,0.0,1.0,1.0,0.0,0.0,0.0,0.0,0.0,1.0,0.7777777777777779,0.16666666666666652,0.4285714285714286,0.11111111111111116,1.0,1,1
248,1.0,0.0,0.0,0.0,1.0,0.0,0.0,0.0,0.0,0.0,1.0,0.6666666666666667,0.25,0.2857142857142856,0.33333333333333326,1.0,1,1
249,0.0,1.0,0.0,0.0,1.0,0.0,0.0,0.0,0.0,0.0,1.0,0.6666666666666667,0.25,0.2857142857142856,0.33333333333333326,1.0,1,1
250,0.0,0.0,1.0,0.0,1.0,0.0,0.0,0.0,0.0,0.0,1.0,0.6666666666666667,0.25,0.2857142857142856,0.33333333333333326,1.0,1,1
251,0.0,0.0,0.0,1.0,1.0,0.0,0.0,0.0,0.0,0.0,1.0,0.6666666666666667,0.25,0.2857142857142856,0.33333333333333326,1.0,1,1
252,1.0,0.0,0.0,0.0,1.0,0.0,0.0,0.0,0.0,0.0,1.0,0.5555555555555556,0.33333333333333304,0.4285714285714286,0.33333333333333326,1.0,1,1
253,0.0,1.0,0.0,0.0,1.0,0.0,0.0,0.0,0.0,0.0,1.0,0.5555555555555556,0.33333333333333304,0.4285714285714286,0.33333333333333326,1.0,1,1
254,0.0,0.0,1.0,0.0,1.0,0.0,0.0,0.0,0.0,0.0,1.0,0.5555555555555556,0.33333333333333304,0.4285714285714286,0.33333333333333326,1.0,1,1
255,0.0,0.0,0.0,1.0,1.0,0.0,0.0,0.0,0.0,0.0,1.0,0.5555555555555556,0.33333333333333304,0.4285714285714286,0.33333333333333326,1.0,1,1
256,1.0,0.0,0.0,0.0,1.0,0.0,0.0,0.0,0.0,0.0,1.0,0.47222222222222254,0.4166666666666665,0.5714285714285714,0.33333333333333326,1.0,1,1
257,0.0,1.0,0.0,0.0,1.0,0.0,0.0,0.0,0.0,0.0,1.0,0.47222222222222254,0.4166666666666665,0.5714285714285714,0.33333333333333326,1.0,1,1
258,0.0,0.0,1.0,0.0,1.0,0.0,0.0,0.0,0.0,0.0,1.0,0.47222222222222254,0.4166666666666665,0.5714285714285714,0.33333333333333326,1.0,1,1
259,0.0,0.0,0.0,1.0,1.0,0.0,0.0,0.0,0.0,0.0,1.0,0.47222222222222254,0.4166666666666665,0.5714285714285714,0.33333333333333326,1.0,1,1
260,1.0,0.0,0.0,0.0,1.0,0.0,0.0,0.0,0.0,0.0,1.0,0.38888888888888906,0.5,0.9999999999999998,0.11111111111111116,1.0,1,1
261,0.0,1.0,0.0,0.0,1.0,0.0,0.0,0.0,0.0,0.0,1.0,0.38888888888888906,0.5,0.9999999999999998,0.11111111111111116,1.0,1,1
262,0.0,0.0,1.0,0.0,1.0,0.0,0.0,0.0,0.0,0.0,1.0,0.38888888888888906,0.5,0.9999999999999998,0.11111111111111116,1.0,1,1
263,0.0,0.0,0.0,1.0,1.0,0.0,0.0,0.0,0.0,0.0,1.0,0.38888888888888906,0.5,0.9999999999999998,0.11111111111111116,1.0,1,1
264,1.0,0.0,0.0,0.0,1.0,0.0,0.0,0.0,0.0,0.0,1.0,0.33333333333333326,0.583333333333333,0.0,1.0,0.0,0,0
265,0.0,1.0,0.0,0.0,1.0,0.0,0.0,0.0,0.0,0.0,1.0,0.33333333333333326,0.583333333333333,0.0,1.0,0.0,0,0
266,0.0,0.0,1.0,0.0,1.0,0.0,0.0,0.0,0.0,0.0,1.0,0.33333333333333326,0.583333333333333,0.0,1.0,0.0,0,0
267,0.0,0.0,0.0,1.0,1.0,0.0,0.0,0.0,0.0,0.0,1.0,0.33333333333333326,0.583333333333333,0.0,1.0,0.0,0,0
268,1.0,0.0,0.0,0.0,1.0,0.0,0.0,0.0,0.0,0.0,1.0,0.25,0.6666666666666665,0.1428571428571428,1.0,0.0,0,0
269,0.0,1.0,0.0,0.0,1.0,0.0,0.0,0.0,0.0,0.0,1.0,0.25,0.6666666666666665,0.1428571428571428,1.0,0.0,0,0
270,0.0,0.0,1.0,0.0,1.0,0.0,0.0,0.0,0.0,0.0,1.0,0.25,0.6666666666666665,0.1428571428571428,1.0,0.0,0,0
271,0.0,0.0,0.0,1.0,1.0,0.0,0.0,0.0,0.0,0.0,1.0,0.25,0.6666666666666665,0.1428571428571428,1.0,0.0,0,0
272,1.0,0.0,0.0,0.0,1.0,0.0,0.0,0.0,0.0,0.0,1.0,0.19444444444444442,0.75,0.2857142857142856,1.0,0.0,0,0
273,0.0,1.0,0.0,0.0,1.0,0.0,0.0,0.0,0.0,0.0,1.0,0.19444444444444442,0.75,0.2857142857142856,1.0,0.0,0,0
274,0.0,0.0,1.0,0.0,1.0,0.0,0.0,0.0,0.0,0.0,1.0,0.19444444444444442,0.75,0.2857142857142856,1.0,0.0,0,0
275,0.0,0.0,0.0,1.0,1.0,0.0,0.0,0.0,0.0,0.0,1.0,0.19444444444444442,0.75,0.2857142857142856,1.0,0.0,0,0
276,1.0,0.0,0.0,0.0,1.0,0.0,0.0,0.0,0.0,0.0,1.0,0.11111111111111116,0.833333333333333,0.4285714285714286,1.0,0.0,0,0
277,0.0,1.0,0.0,0.0,1.0,0.0,0.0,0.0,0.0,0.0,1.0,0.11111111111111116,0.833333333333333,0.4285714285714286,1.0,0.0,0,0
278,0.0,0.0,1.0,0.0,1.0,0.0,0.0,0.0,0.0,0.0,1.0,0.11111111111111116,0.833333333333333,0.4285714285714286,1.0,0.0,0,0
279,0.0,0.0,0.0,1.0,1.0,0.0,0.0,0.0,0.0,0.0,1.0,0.11111111111111116,0.833333333333333,0.4285714285714286,1.0,0.0,0,0
280,1.0,0.0,0.0,0.0,1.0,0.0,0.0,0.0,0.0,0.0,1.0,0.05555555555555558,0.9166666666666665,0.5714285714285714,1.0,0.0,0,0
281,0.0,1.0,0.0,0.0,1.0,0.0,0.0,0.0,0.0,0.0,1.0,0.05555555555555558,0.9166666666666665,0.5714285714285714,1.0,0.0,0,0
282,0.0,0.0,1.0,0.0,1.0,0.0,0.0,0.0,0.0,0.0,1.0,0.05555555555555558,0.9166666666666665,0.5714285714285714,1.0,0.0,0,0
283,0.0,0.0,0.0,1.0,1.0,0.0,0.0,0.0,0.0,0.0,1.0,0.05555555555555558,0.9166666666666665,0.5714285714285714,1.0,0.0,0,0
284,1.0,0.0,0.0,0.0,1.0,0.0,0.0,0.0,0.0,0.0,1.0,0.0,1.0,0.7142857142857142,1.0,0.0,0,0
285,0.0,1.0,0.0,0.0,1.0,0.0,0.0,0.0,0.0,0.0,1.0,0.0,1.0,0.7142857142857142,1.0,0.0,0,0
286,0.0,0.0,1.0,0.0,1.0,0.0,0.0,0.0,0.0,0.0,1.0,0.0,1.0,0.7142857142857142,1.0,0.0,0,0
287,0.0,0.0,0.0,1.0,1.0,0.0,0.0,0.0,0.0,0.0,1.0,0.0,1.0,0.7142857142857142,1.0,0.0,0,0
288,1.0,0.0,0.0,0.0,1.0,0.0,1.0,0.0,0.0,0.0,0.0,0.9999999999999998,0.0,0.2857142857142856,0.0,1.0,1,1
289,0.0,1.0,0.0,0.0,1.0,0.0,1.0,0.0,0.0,0.0,0.0,0.9999999999999998,0.0,0.2857142857142856,0.0,1.0,1,1
290,0.0,0.0,1.0,0.0,1.0,0.0,1.0,0.0,0.0,0.0,0.0,0.9999999999999998,0.0,0.2857142857142856,0.0,1.0,1,1
291,0.0,0.0,0.0,1.0,1.0,0.0,1.0,0.0,0.0,0.0,0.0,0.9999999999999998,0.0,0.2857142857142856,0.0,1.0,1,1
292,1.0,0.0,0.0,0.0,1.0,0.0,1.0,0.0,0.0,0.0,0.0,0.7777777777777779,0.16666666666666652,0.4285714285714286,0.11111111111111116,1.0,1,1
293,0.0,1.0,0.0,0.0,1.0,0.0,1.0,0.0,0.0,0.0,0.0,0.7777777777777779,0.16666666666666652,0.4285714285714286,0.11111111111111116,1.0,1,1
294,0.0,0.0,1.0,0.0,1.0,0.0,1.0,0.0,0.0,0.0,0.0,0.7777777777777779,0.16666666666666652,0.4285714285714286,0.11111111111111116,1.0,1,1
295,0.0,0.0,0.0,1.0,1.0,0.0,1.0,0.0,0.0,0.0,0.0,0.7777777777777779,0.16666666666666652,0.4285714285714286,0.11111111111111116,1.0,1,1
296,1.0,0.0,0.0,0.0,1.0,0.0,1.0,0.0,0.0,0.0,0.0,0.6666666666666667,0.25,0.2857142857142856,0.33333333333333326,1.0,1,1
297,0.0,1.0,0.0,0.0,1.0,0.0,1.0,0.0,0.0,0.0,0.0,0.6666666666666667,0.25,0.2857142857142856,0.33333333333333326,1.0,1,1
298,0.0,0.0,1.0,0.0,1.0,0.0,1.0,0.0,0.0,0.0,0.0,0.6666666666666667,0.25,0.2857142857142856,0.33333333333333326,1.0,1,1
299,0.0,0.0,0.0,1.0,1.0,0.0,1.0,0.0,0.0,0.0,0.0,0.6666666666666667,0.25,0.2857142857142856,0.33333333333333326,1.0,1,1
300,1.0,0.0,0.0,0.0,1.0,0.0,1.0,0.0,0.0,0.0,0.0,0.5555555555555556,0.33333333333333304,0.4285714285714286,0.33333333333333326,1.0,1,1
301,0.0,1.0,0.0,0.0,1.0,0.0,1.0,0.0,0.0,0.0,0.0,0.5555555555555556,0.33333333333333304,0.4285714285714286,0.33333333333333326,1.0,1,1
302,0.0,0.0,1.0,0.0,1.0,0.0,1.0,0.0,0.0,0.0,0.0,0.5555555555555556,0.33333333333333304,0.4285714285714286,0.33333333333333326,1.0,1,1
303,0.0,0.0,0.0,1.0,1.0,0.0,1.0,0.0,0.0,0.0,0.0,0.5555555555555556,0.33333333333333304,0.4285714285714286,0.33333333333333326,1.0,1,1
304,1.0,0.0,0.0,0.0,1.0,0.0,1.0,0.0,0.0,0.0,0.0,0.47222222222222254,0.4166666666666665,0.5714285714285714,0.33333333333333326,1.0,1,1
305,0.0,1.0,0.0,0.0,1.0,0.0,1.0,0.0,0.0,0.0,0.0,0.47222222222222254,0.4166666666666665,0.5714285714285714,0.33333333333333326,1.0,1,1
306,0.0,0.0,1.0,0.0,1.0,0.0,1.0,0.0,0.0,0.0,0.0,0.47222222222222254,0.4166666666666665,0.5714285714285714,0.33333333333333326,1.0,1,1
307,0.0,0.0,0.0,1.0,1.0,0.0,1.0,0.0,0.0,0.0,0.0,0.47222222222222254,0.4166666666666665,0.5714285714285714,0.33333333333333326,1.0,1,1
308,1.0,0.0,0.0,0.0,1.0,0.0,1.0,0.0,0.0,0.0,0.0,0.38888888888888906,0.5,0.9999999999999998,0.11111111111111116,1.0,1,1
309,0.0,1.0,0.0,0.0,1.0,0.0,1.0,0.0,0.0,0.0,0.0,0.38888888888888906,0.5,0.9999999999999998,0.11111111111111116,1.0,1,1
310,0.0,0.0,1.0,0.0,1.0,0.0,1.0,0.0,0.0,0.0,0.0,0.38888888888888906,0.5,0.9999999999999998,0.11111111111111116,1.0,1,1
311,0.0,0.0,0.0,1.0,1.0,0.0,1.0,0.0,0.0,0.0,0.0,0.38888888888888906,0.5,0.9999999999999998,0.11111111111111116,1.0,1,1
312,1.0,0.0,0.0,0.0,1.0,0.0,1.0,0.0,0.0,0.0,0.0,0.33333333333333326,0.583333333333333,0.0,1.0,0.0,0,0
313,0.0,1.0,0.0,0.0,1.0,0.0,1.0,0.0,0.0,0.0,0.0,0.33333333333333326,0.583333333333333,0.0,1.0,0.0,0,0
314,0.0,0.0,1.0,0.0,1.0,0.0,1.0,0.0,0.0,0.0,0.0,0.33333333333333326,0.583333333333333,0.0,1.0,0.0,0,0
315,0.0,0.0,0.0,1.0,1.0,0.0,1.0,0.0,0.0,0.0,0.0,0.33333333333333326,0.583333333333333,0.0,1.0,0.0,0,0
316,1.0,0.0,0.0,0.0,1.0,0.0,1.0,0.0,0.0,0.0,0.0,0.25,0.6666666666666665,0.1428571428571428,1.0,0.0,0,0
317,0.0,1.0,0.0,0.0,1.0,0.0,1.0,0.0,0.0,0.0,0.0,0.25,0.6666666666666665,0.1428571428571428,1.0,0.0,0,0
318,0.0,0.0,1.0,0.0,1.0,0.0,1.0,0.0,0.0,0.0,0.0,0.25,0.6666666666666665,0.1428571428571428,1.0,0.0,0,0
319,0.0,0.0,0.0,1.0,1.0,0.0,1.0,0.0,0.0,0.0,0.0,0.25,0.6666666666666665,0.1428571428571428,1.0,0.0,0,0
320,1.0,0.0,0.0,0.0,1.0,0.0,1.0,0.0,0.0,0.0,0.0,0.19444444444444442,0.75,0.2857142857142856,1.0,0.0,0,0
321,0.0,1.0,0.0,0.0,1.0,0.0,1.0,0.0,0.0,0.0,0.0,0.19444444444444442,0.75,0.2857142857142856,1.0,0.0,0,0
322,0.0,0.0,1.0,0.0,1.0,0.0,1.0,0.0,0.0,0.0,0.0,0.19444444444444442,0.75,0.2857142857142856,1.0,0.0,0,0
323,0.0,0.0,0.0,1.0,1.0,0.0,1.0,0.0,0.0,0.0,0.0,0.19444444444444442,0.75,0.2857142857142856,1.0,0.0,0,0
324,1.0,0.0,0.0,0.0,1.0,0.0,1.0,0.0,0.0,0.0,0.0,0.11111111111111116,0.833333333333333,0.4285714285714286,1.0,0.0,0,0
325,0.0,1.0,0.0,0.0,1.0,0.0,1.0,0.0,0.0,0.0,0.0,0.11111111111111116,0.833333333333333,0.4285714285714286,1.0,0.0,0,0
326,0.0,0.0,1.0,0.0,1.0,0.0,1.0,0.0,0.0,0.0,0.0,0.11111111111111116,0.833333333333333,0.4285714285714286,1.0,0.0,0,0
327,0.0,0.0,0.0,1.0,1.0,0.0,1.0,0.0,0.0,0.0,0.0,0.11111111111111116,0.833333333333333,0.4285714285714286,1.0,0.0,0,0
328,1.0,0.0,0.0,0.0,1.0,0.0,1.0,0.0,0.0,0.0,0.0,0.05555555555555558,0.9166666666666665,0.5714285714285714,1.0,0.0,0,0
329,0.0,1.0,0.0,0.0,1.0,0.0,1.0,0.0,0.0,0.0,0.0,0.05555555555555558,0.9166666666666665,0.5714285714285714,1.0,0.0,0,0
330,0.0,0.0,1.0,0.0,1.0,0.0,1.0,0.0,0.0,0.0,0.0,0.05555555555555558,0.9166666666666665,0.5714285714285714,1.0,0.0,0,0
331,0.0,0.0,0.0,1.0,1.0,0.0,1.0,0.0,0.0,0.0,0.0,0.05555555555555558,0.9166666666666665,0.5714285714285714,1.0,0.0,0,0
332,1.0,0.0,0.0,0.0,1.0,0.0,1.0,0.0,0.0,0.0,0.0,0.0,1.0,0.7142857142857142,1.0,0.0,0,0
333,0.0,1.0,0.0,0.0,1.0,0.0,1.0,0.0,0.0,0.0,0.0,0.0,1.0,0.7142857142857142,1.0,0.0,0,0
334,0.0,0.0,1.0,0.0,1.0,0.0,1.0,0.0,0.0,0.0,0.0,0.0,1.0,0.7142857142857142,1.0,0.0,0,0
335,0.0,0.0,0.0,1.0,1.0,0.0,1.0,0.0,0.0,0.0,0.0,0.0,1.0,0.7142857142857142,1.0,0.0,0,0
336,1.0,0.0,0.0,0.0,1.0,0.0,0.0,1.0,0.0,0.0,0.0,0.9999999999999998,0.0,0.2857142857142856,0.0,1.0,1,1
337,0.0,1.0,0.0,0.0,1.0,0.0,0.0,1.0,0.0,0.0,0.0,0.9999999999999998,0.0,0.2857142857142856,0.0,1.0,1,1
338,0.0,0.0,1.0,0.0,1.0,0.0,0.0,1.0,0.0,0.0,0.0,0.9999999999999998,0.0,0.2857142857142856,0.0,1.0,1,1
339,0.0,0.0,0.0,1.0,1.0,0.0,0.0,1.0,0.0,0.0,0.0,0.9999999999999998,0.0,0.2857142857142856,0.0,1.0,1,1
340,1.0,0.0,0.0,0.0,1.0,0.0,0.0,1.0,0.0,0.0,0.0,0.7777777777777779,0.16666666666666652,0.4285714285714286,0.11111111111111116,1.0,1,1
341,0.0,1.0,0.0,0.0,1.0,0.0,0.0,1.0,0.0,0.0,0.0,0.7777777777777779,0.16666666666666652,0.4285714285714286,0.11111111111111116,1.0,1,1
342,0.0,0.0,1.0,0.0,1.0,0.0,0.0,1.0,0.0,0.0,0.0,0.7777777777777779,0.16666666666666652,0.4285714285714286,0.11111111111111116,1.0,1,1
343,0.0,0.0,0.0,1.0,1.0,0.0,0.0,1.0,0.0,0.0,0.0,0.7777777777777779,0.16666666666666652,0.4285714285714286,0.11111111111111116,1.0,1,1
344,1.0,0.0,0.0,0.0,1.0,0.0,0.0,1.0,0.0,0.0,0.0,0.6666666666666667,0.25,0.2857142857142856,0.33333333333333326,1.0,1,1
345,0.0,1.0,0.0,0.0,1.0,0.0,0.0,1.0,0.0,0.0,0.0,0.6666666666666667,0.25,0.2857142857142856,0.33333333333333326,1.0,1,1
346,0.0,0.0,1.0,0.0,1.0,0.0,0.0,1.0,0.0,0.0,0.0,0.6666666666666667,0.25,0.2857142857142856,0.33333333333333326,1.0,1,1
347,0.0,0.0,0.0,1.0,1.0,0.0,0.0,1.0,0.0,0.0,0.0,0.6666666666666667,0.25,0.2857142857142856,0.33333333333333326,1.0,1,1
348,1.0,0.0,0.0,0.0,1.0,0.0,0.0,1.0,0.0,0.0,0.0,0.5555555555555556,0.33333333333333304,0.4285714285714286,0.33333333333333326,1.0,1,1
349,0.0,1.0,0.0,0.0,1.0,0.0,0.0,1.0,0.0,0.0,0.0,0.5555555555555556,0.33333333333333304,0.4285714285714286,0.33333333333333326,1.0,1,1
350,0.0,0.0,1.0,0.0,1.0,0.0,0.0,1.0,0.0,0.0,0.0,0.5555555555555556,0.33333333333333304,0.4285714285714286,0.33333333333333326,1.0,1,1
351,0.0,0.0,0.0,1.0,1.0,0.0,0.0,1.0,0.0,0.0,0.0,0.5555555555555556,0.33333333333333304,0.4285714285714286,0.33333333333333326,1.0,1,1
352,1.0,0.0,0.0,0.0,1.0,0.0,0.0,1.0,0.0,0.0,0.0,0.47222222222222254,0.4166666666666665,0.5714285714285714,0.33333333333333326,1.0,1,1
353,0.0,1.0,0.0,0.0,1.0,0.0,0.0,1.0,0.0,0.0,0.0,0.47222222222222254,0.4166666666666665,0.5714285714285714,0.33333333333333326,1.0,1,1
354,0.0,0.0,1.0,0.0,1.0,0.0,0.0,1.0,0.0,0.0,0.0,0.47222222222222254,0.4166666666666665,0.5714285714285714,0.33333333333333326,1.0,1,1
355,0.0,0.0,0.0,1.0,1.0,0.0,0.0,1.0,0.0,0.0,0.0,0.47222222222222254,0.4166666666666665,0.5714285714285714,0.33333333333333326,1.0,1,1
356,1.0,0.0,0.0,0.0,1.0,0.0,0.0,1.0,0.0,0.0,0.0,0.38888888888888906,0.5,0.9999999999999998,0.11111111111111116,1.0,1,1
357,0.0,1.0,0.0,0.0,1.0,0.0,0.0,1.0,0.0,0.0,0.0,0.38888888888888906,0.5,0.9999999999999998,0.11111111111111116,1.0,1,1
358,0.0,0.0,1.0,0.0,1.0,0.0,0.0,1.0,0.0,0.0,0.0,0.38888888888888906,0.5,0.9999999999999998,0.11111111111111116,1.0,1,1
359,0.0,0.0,0.0,1.0,1.0,0.0,0.0,1.0,0.0,0.0,0.0,0.38888888888888906,0.5,0.9999999999999998,0.11111111111111116,1.0,1,1
360,1.0,0.0,0.0,0.0,1.0,0.0,0.0,1.0,0.0,0.0,0.0,0.33333333333333326,0.583333333333333,0.0,1.0,0.0,0,0
361,0.0,1.0,0.0,0.0,1.0,0.0,0.0,1.0,0.0,0.0,0.0,0.33333333333333326,0.583333333333333,0.0,1.0,0.0,0,0
362,0.0,0.0,1.0,0.0,1.0,0.0,0.0,1.0,0.0,0.0,0.0,0.33333333333333326,0.583333333333333,0.0,1.0,0.0,0,0
363,0.0,0.0,0.0,1.0,1.0,0.0,0.0,1.0,0.0,0.0,0.0,0.33333333333333326,0.583333333333333,0.0,1.0,0.0,0,0
364,1.0,0.0,0.0,0.0,1.0,0.0,0.0,1.0,0.0,0.0,0.0,0.25,0.6666666666666665,0.1428571428571428,1.0,0.0,0,0
365,0.0,1.0,0.0,0.0,1.0,0.0,0.0,1.0,0.0,0.0,0.0,0.25,0.6666666666666665,0.1428571428571428,1.0,0.0,0,0
366,0.0,0.0,1.0,0.0,1.0,0.0,0.0,1.0,0.0,0.0,0.0,0.25,0.6666666666666665,0.1428571428571428,1.0,0.0,0,0
367,0.0,0.0,0.0,1.0,1.0,0.0,0.0,1.0,0.0,0.0,0.0,0.25,0.6666666666666665,0.1428571428571428,1.0,0.0,0,0
368,1.0,0.0,0.0,0.0,1.0,0.0,0.0,1.0,0.0,0.0,0.0,0.19444444444444442,0.75,0.2857142857142856,1.0,0.0,0,0
369,0.0,1.0,0.0,0.0,1.0,0.0,0.0,1.0,0.0,0.0,0.0,0.19444444444444442,0.75,0.2857142857142856,1.0,0.0,0,0
370,0.0,0.0,1.0,0.0,1.0,0.0,0.0,1.0,0.0,0.0,0.0,0.19444444444444442,0.75,0.2857142857142856,1.0,0.0,0,0
371,0.0,0.0,0.0,1.0,1.0,0.0,0.0,1.0,0.0,0.0,0.0,0.19444444444444442,0.75,0.2857142857142856,1.0,0.0,0,0
372,1.0,0.0,0.0,0.0,1.0,0.0,0.0,1.0,0.0,0.0,0.0,0.11111111111111116,0.833333333333333,0.4285714285714286,1.0,0.0,0,0
373,0.0,1.0,0.0,0.0,1.0,0.0,0.0,1.0,0.0,0.0,0.0,0.11111111111111116,0.833333333333333,0.4285714285714286,1.0,0.0,0,0
374,0.0,0.0,1.0,0.0,1.0,0.0,0.0,1.0,0.0,0.0,0.0,0.11111111111111116,0.833333333333333,0.4285714285714286,1.0,0.0,0,0
375,0.0,0.0,0.0,1.0,1.0,0.0,0.0,1.0,0.0,0.0,0.0,0.11111111111111116,0.833333333333333,0.4285714285714286,1.0,0.0,0,0
376,1.0,0.0,0.0,0.0,1.0,0.0,0.0,1.0,0.0,0.0,0.0,0.05555555555555558,0.9166666666666665,0.5714285714285714,1.0,0.0,0,0
377,0.0,1.0,0.0,0.0,1.0,0.0,0.0,1.0,0.0,0.0,0.0,0.05555555555555558,0.9166666666666665,0.5714285714285714,1.0,0.0,0,0
378,0.0,0.0,1.0,0.0,1.0,0.0,0.0,1.0,0.0,0.0,0.0,0.05555555555555558,0.9166666666666665,0.5714285714285714,1.0,0.0,0,0
379,0.0,0.0,0.0,1.0,1.0,0.0,0.0,1.0,0.0,0.0,0.0,0.05555555555555558,0.9166666666666665,0.5714285714285714,1.0,0.0,0,0
380,1.0,0.0,0.0,0.0,1.0,0.0,0.0,1.0,0.0,0.0,0.0,0.0,1.0,0.7142857142857142,1.0,0.0,0,0
381,0.0,1.0,0.0,0.0,1.0,0.0,0.0,1.0,0.0,0.0,0.0,0.0,1.0,0.7142857142857142,1.0,0.0,0,0
382,0.0,0.0,1.0,0.0,1.0,0.0,0.0,1.0,0.0,0.0,0.0,0.0,1.0,0.7142857142857142,1.0,0.0,0,0
383,0.0,0.0,0.0,1.0,1.0,0.0,0.0,1.0,0.0,0.0,0.0,0.0,1.0,0.7142857142857142,1.0,0.0,0,0
384,1.0,0.0,0.0,0.0,1.0,0.0,0.0,0.0,1.0,0.0,0.0,0.9999999999999998,0.0,0.2857142857142856,0.0,1.0,1,1
385,0.0,1.0,0.0,0.0,1.0,0.0,0.0,0.0,1.0,0.0,0.0,0.9999999999999998,0.0,0.2857142857142856,0.0,1.0,1,1
386,0.0,0.0,1.0,0.0,1.0,0.0,0.0,0.0,1.0,0.0,0.0,0.9999999999999998,0.0,0.2857142857142856,0.0,1.0,1,1
387,0.0,0.0,0.0,1.0,1.0,0.0,0.0,0.0,1.0,0.0,0.0,0.9999999999999998,0.0,0.2857142857142856,0.0,1.0,1,1
388,1.0,0.0,0.0,0.0,1.0,0.0,0.0,0.0,1.0,0.0,0.0,0.7777777777777779,0.16666666666666652,0.4285714285714286,0.11111111111111116,1.0,1,1
389,0.0,1.0,0.0,0.0,1.0,0.0,0.0,0.0,1.0,0.0,0.0,0.7777777777777779,0.16666666666666652,0.4285714285714286,0.11111111111111116,1.0,1,1
390,0.0,0.0,1.0,0.0,1.0,0.0,0.0,0.0,1.0,0.0,0.0,0.7777777777777779,0.16666666666666652,0.4285714285714286,0.11111111111111116,1.0,1,1
391,0.0,0.0,0.0,1.0,1.0,0.0,0.0,0.0,1.0,0.0,0.0,0.7777777777777779,0.16666666666666652,0.4285714285714286,0.11111111111111116,1.0,1,1
392,1.0,0.0,0.0,0.0,1.0,0.0,0.0,0.0,1.0,0.0,0.0,0.6666666666666667,0.25,0.2857142857142856,0.33333333333333326,1.0,1,1
393,0.0,1.0,0.0,0.0,1.0,0.0,0.0,0.0,1.0,0.0,0.0,0.6666666666666667,0.25,0.2857142857142856,0.33333333333333326,1.0,1,1
394,0.0,0.0,1.0,0.0,1.0,0.0,0.0,0.0,1.0,0.0,0.0,0.6666666666666667,0.25,0.2857142857142856,0.33333333333333326,1.0,1,1
395,0.0,0.0,0.0,1.0,1.0,0.0,0.0,0.0,1.0,0.0,0.0,0.6666666666666667,0.25,0.2857142857142856,0.33333333333333326,1.0,1,1
396,1.0,0.0,0.0,0.0,1.0,0.0,0.0,0.0,1.0,0.0,0.0,0.5555555555555556,0.33333333333333304,0.4285714285714286,0.33333333333333326,1.0,1,1
397,0.0,1.0,0.0,0.0,1.0,0.0,0.0,0.0,1.0,0.0,0.0,0.5555555555555556,0.33333333333333304,0.4285714285714286,0.33333333333333326,1.0,1,1
398,0.0,0.0,1.0,0.0,1.0,0.0,0.0,0.0,1.0,0.0,0.0,0.5555555555555556,0.33333333333333304,0.4285714285714286,0.33333333333333326,1.0,1,1
399,0.0,0.0,0.0,1.0,1.0,0.0,0.0,0.0,1.0,0.0,0.0,0.5555555555555556,0.33333333333333304,0.4285714285714286,0.33333333333333326,1.0,1,1
400,1.0,0.0,0.0,0.0,1.0,0.0,0.0,0.0,1.0,0.0,0.0,0.47222222222222254,0.4166666666666665,0.5714285714285714,0.33333333333333326,1.0,1,1
401,0.0,1.0,0.0,0.0,1.0,0.0,0.0,0.0,1.0,0.0,0.0,0.47222222222222254,0.4166666666666665,0.5714285714285714,0.33333333333333326,1.0,1,1
402,0.0,0.0,1.0,0.0,1.0,0.0,0.0,0.0,1.0,0.0,0.0,0.47222222222222254,0.4166666666666665,0.5714285714285714,0.33333333333333326,1.0,1,1
403,0.0,0.0,0.0,1.0,1.0,0.0,0.0,0.0,1.0,0.0,0.0,0.47222222222222254,0.4166666666666665,0.5714285714285714,0.33333333333333326,1.0,1,1
404,1.0,0.0,0.0,0.0,1.0,0.0,0.0,0.0,1.0,0.0,0.0,0.38888888888888906,0.5,0.9999999999999998,0.11111111111111116,1.0,1,1
405,0.0,1.0,0.0,0.0,1.0,0.0,0.0,0.0,1.0,0.0,0.0,0.38888888888888906,0.5,0.9999999999999998,0.11111111111111116,1.0,1,1
406,0.0,0.0,1.0,0.0,1.0,0.0,0.0,0.0,1.0,0.0,0.0,0.38888888888888906,0.5,0.9999999999999998,0.11111111111111116,1.0,1,1
407,0.0,0.0,0.0,1.0,1.0,0.0,0.0,0.0,1.0,0.0,0.0,0.38888888888888906,0.5,0.9999999999999998,0.11111111111111116,1.0,1,1
408,1.0,0.0,0.0,0.0,1.0,0.0,0.0,0.0,1.0,0.0,0.0,0.33333333333333326,0.583333333333333,0.0,1.0,0.0,0,0
409,0.0,1.0,0.0,0.0,1.0,0.0,0.0,0.0,1.0,0.0,0.0,0.33333333333333326,0.583333333333333,0.0,1.0,0.0,0,0
410,0.0,0.0,1.0,0.0,1.0,0.0,0.0,0.0,1.0,0.0,0.0,0.33333333333333326,0.583333333333333,0.0,1.0,0.0,0,0
411,0.0,0.0,0.0,1.0,1.0,0.0,0.0,0.0,1.0,0.0,0.0,0.33333333333333326,0.583333333333333,0.0,1.0,0.0,0,0
412,1.0,0.0,0.0,0.0,1.0,0.0,0.0,0.0,1.0,0.0,0.0,0.25,0.6666666666666665,0.1428571428571428,1.0,0.0,0,0
413,0.0,1.0,0.0,0.0,1.0,0.0,0.0,0.0,1.0,0.0,0.0,0.25,0.6666666666666665,0.1428571428571428,1.0,0.0,0,0
414,0.0,0.0,1.0,0.0,1.0,0.0,0.0,0.0,1.0,0.0,0.0,0.25,0.6666666666666665,0.1428571428571428,1.0,0.0,0,0
415,0.0,0.0,0.0,1.0,1.0,0.0,0.0,0.0,1.0,0.0,0.0,0.25,0.6666666666666665,0.1428571428571428,1.0,0.0,0,0
416,1.0,0.0,0.0,0.0,1.0,0.0,0.0,0.0,1.0,0.0,0.0,0.19444444444444442,0.75,0.2857142857142856,1.0,0.0,0,0
417,0.0,1.0,0.0,0.0,1.0,0.0,0.0,0.0,1.0,0.0,0.0,0.19444444444444442,0.75,0.2857142857142856,1.0,0.0,0,0
418,0.0,0.0,1.0,0.0,1.0,0.0,0.0,0.0,1.0,0.0,0.0,0.19444444444444442,0.75,0.2857142857142856,1.0,0.0,0,0
419,0.0,0.0,0.0,1.0,1.0,0.0,0.0,0.0,1.0,0.0,0.0,0.19444444444444442,0.75,0.2857142857142856,1.0,0.0,0,0
420,1.0,0.0,0.0,0.0,1.0,0.0,0.0,0.0,1.0,0.0,0.0,0.11111111111111116,0.833333333333333,0.4285714285714286,1.0,0.0,0,0
421,0.0,1.0,0.0,0.0,1.0,0.0,0.0,0.0,1.0,0.0,0.0,0.11111111111111116,0.833333333333333,0.4285714285714286,1.0,0.0,0,0
422,0.0,0.0,1.0,0.0,1.0,0.0,0.0,0.0,1.0,0.0,0.0,0.11111111111111116,0.833333333333333,0.4285714285714286,1.0,0.0,0,0
423,0.0,0.0,0.0,1.0,1.0,0.0,0.0,0.0,1.0,0.0,0.0,0.11111111111111116,0.833333333333333,0.4285714285714286,1.0,0.0,0,0
424,1.0,0.0,0.0,0.0,1.0,0.0,0.0,0.0,1.0,0.0,0.0,0.05555555555555558,0.9166666666666665,0.5714285714285714,1.0,0.0,0,0
425,0.0,1.0,0.0,0.0,1.0,0.0,0.0,0.0,1.0,0.0,0.0,0.05555555555555558,0.9166666666666665,0.5714285714285714,1.0,0.0,0,0
426,0.0,0.0,1.0,0.0,1.0,0.0,0.0,0.0,1.0,0.0,0.0,0.05555555555555558,0.9166666666666665,0.5714285714285714,1.0,0.0,0,0
427,0.0,0.0,0.0,1.0,1.0,0.0,0.0,0.0,1.0,0.0,0.0,0.05555555555555558,0.9166666666666665,0.5714285714285714,1.0,0.0,0,0
428,1.0,0.0,0.0,0.0,1.0,0.0,0.0,0.0,1.0,0.0,0.0,0.0,1.0,0.7142857142857142,1.0,0.0,0,0
429,0.0,1.0,0.0,0.0,1.0,0.0,0.0,0.0,1.0,0.0,0.0,0.0,1.0,0.7142857142857142,1.0,0.0,0,0
430,0.0,0.0,1.0,0.0,1.0,0.0,0.0,0.0,1.0,0.0,0.0,0.0,1.0,0.7142857142857142,1.0,0.0,0,0
431,0.0,0.0,0.0,1.0,1.0,0.0,0.0,0.0,1.0,0.0,0.0,0.0,1.0,0.7142857142857142,1.0,0.0,0,0
432,1.0,0.0,0.0,0.0,1.0,0.0,0.0,0.0,0.0,1.0,0.0,0.9999999999999998,0.0,0.2857142857142856,0.0,1.0,1,1
433,0.0,1.0,0.0,0.0,1.0,0.0,0.0,0.0,0.0,1.0,0.0,0.9999999999999998,0.0,0.2857142857142856,0.0,1.0,1,1
434,0.0,0.0,1.0,0.0,1.0,0.0,0.0,0.0,0.0,1.0,0.0,0.9999999999999998,0.0,0.2857142857142856,0.0,1.0,1,1
435,0.0,0.0,0.0,1.0,1.0,0.0,0.0,0.0,0.0,1.0,0.0,0.9999999999999998,0.0,0.2857142857142856,0.0,1.0,1,1
436,1.0,0.0,0.0,0.0,1.0,0.0,0.0,0.0,0.0,1.0,0.0,0.7777777777777779,0.16666666666666652,0.4285714285714286,0.11111111111111116,1.0,1,1
437,0.0,1.0,0.0,0.0,1.0,0.0,0.0,0.0,0.0,1.0,0.0,0.7777777777777779,0.16666666666666652,0.4285714285714286,0.11111111111111116,1.0,1,1
438,0.0,0.0,1.0,0.0,1.0,0.0,0.0,0.0,0.0,1.0,0.0,0.7777777777777779,0.16666666666666652,0.4285714285714286,0.11111111111111116,1.0,1,1
439,0.0,0.0,0.0,1.0,1.0,0.0,0.0,0.0,0.0,1.0,0.0,0.7777777777777779,0.16666666666666652,0.4285714285714286,0.11111111111111116,1.0,1,1
440,1.0,0.0,0.0,0.0,1.0,0.0,0.0,0.0,0.0,1.0,0.0,0.6666666666666667,0.25,0.2857142857142856,0.33333333333333326,1.0,1,1
441,0.0,1.0,0.0,0.0,1.0,0.0,0.0,0.0,0.0,1.0,0.0,0.6666666666666667,0.25,0.2857142857142856,0.33333333333333326,1.0,1,1
442,0.0,0.0,1.0,0.0,1.0,0.0,0.0,0.0,0.0,1.0,0.0,0.6666666666666667,0.25,0.2857142857142856,0.33333333333333326,1.0,1,1
443,0.0,0.0,0.0,1.0,1.0,0.0,0.0,0.0,0.0,1.0,0.0,0.6666666666666667,0.25,0.2857142857142856,0.33333333333333326,1.0,1,1
444,1.0,0.0,0.0,0.0,1.0,0.0,0.0,0.0,0.0,1.0,0.0,0.5555555555555556,0.33333333333333304,0.4285714285714286,0.33333333333333326,1.0,1,1
445,0.0,1.0,0.0,0.0,1.0,0.0,0.0,0.0,0.0,1.0,0.0,0.5555555555555556,0.33333333333333304,0.4285714285714286,0.33333333333333326,1.0,1,1
446,0.0,0.0,1.0,0.0,1.0,0.0,0.0,0.0,0.0,1.0,0.0,0.5555555555555556,0.33333333333333304,0.4285714285714286,0.33333333333333326,1.0,1,1
447,0.0,0.0,0.0,1.0,1.0,0.0,0.0,0.0,0.0,1.0,0.0,0.5555555555555556,0.33333333333333304,0.4285714285714286,0.33333333333333326,1.0,1,1
448,1.0,0.0,0.0,0.0,1.0,0.0,0.0,0.0,0.0,1.0,0.0,0.47222222222222254,0.4166666666666665,0.5714285714285714,0.33333333333333326,1.0,1,1
449,0.0,1.0,0.0,0.0,1.0,0.0,0.0,0.0,0.0,1.0,0.0,0.47222222222222254,0.4166666666666665,0.5714285714285714,0.33333333333333326,1.0,1,1
450,0.0,0.0,1.0,0.0,1.0,0.0,0.0,0.0,0.0,1.0,0.0,0.47222222222222254,0.4166666666666665,0.5714285714285714,0.33333333333333326,1.0,1,1
451,0.0,0.0,0.0,1.0,1.0,0.0,0.0,0.0,0.0,1.0,0.0,0.47222222222222254,0.4166666666666665,0.5714285714285714,0.33333333333333326,1.0,1,1
452,1.0,0.0,0.0,0.0,1.0,0.0,0.0,0.0,0.0,1.0,0.0,0.38888888888888906,0.5,0.9999999999999998,0.11111111111111116,1.0,1,1
453,0.0,1.0,0.0,0.0,1.0,0.0,0.0,0.0,0.0,1.0,0.0,0.38888888888888906,0.5,0.9999999999999998,0.11111111111111116,1.0,1,1
454,0.0,0.0,1.0,0.0,1.0,0.0,0.0,0.0,0.0,1.0,0.0,0.38888888888888906,0.5,0.9999999999999998,0.11111111111111116,1.0,1,1
455,0.0,0.0,0.0,1.0,1.0,0.0,0.0,0.0,0.0,1.0,0.0,0.38888888888888906,0.5,0.9999999999999998,0.11111111111111116,1.0,1,1
456,1.0,0.0,0.0,0.0,1.0,0.0,0.0,0.0,0.0,1.0,0.0,0.33333333333333326,0.583333333333333,0.0,1.0,0.0,0,0
457,0.0,1.0,0.0,0.0,1.0,0.0,0.0,0.0,0.0,1.0,0.0,0.33333333333333326,0.583333333333333,0.0,1.0,0.0,0,0
458,0.0,0.0,1.0,0.0,1.0,0.0,0.0,0.0,0.0,1.0,0.0,0.33333333333333326,0.583333333333333,0.0,1.0,0.0,0,0
459,0.0,0.0,0.0,1.0,1.0,0.0,0.0,0.0,0.0,1.0,0.0,0.33333333333333326,0.583333333333333,0.0,1.0,0.0,0,0
460,1.0,0.0,0.0,0.0,1.0,0.0,0.0,0.0,0.0,1.0,0.0,0.25,0.6666666666666665,0.1428571428571428,1.0,0.0,0,0
461,0.0,1.0,0.0,0.0,1.0,0.0,0.0,0.0,0.0,1.0,0.0,0.25,0.6666666666666665,0.1428571428571428,1.0,0.0,0,0
462,0.0,0.0,1.0,0.0,1.0,0.0,0.0,0.0,0.0,1.0,0.0,0.25,0.6666666666666665,0.1428571428571428,1.0,0.0,0,0
463,0.0,0.0,0.0,1.0,1.0,0.0,0.0,0.0,0.0,1.0,0.0,0.25,0.6666666666666665,0.1428571428571428,1.0,0.0,0,0
464,1.0,0.0,0.0,0.0,1.0,0.0,0.0,0.0,0.0,1.0,0.0,0.19444444444444442,0.75,0.2857142857142856,1.0,0.0,0,0
465,0.0,1.0,0.0,0.0,1.0,0.0,0.0,0.0,0.0,1.0,0.0,0.19444444444444442,0.75,0.2857142857142856,1.0,0.0,0,0
466,0.0,0.0,1.0,0.0,1.0,0.0,0.0,0.0,0.0,1.0,0.0,0.19444444444444442,0.75,0.2857142857142856,1.0,0.0,0,0
467,0.0,0.0,0.0,1.0,1.0,0.0,0.0,0.0,0.0,1.0,0.0,0.19444444444444442,0.75,0.2857142857142856,1.0,0.0,0,0
468,1.0,0.0,0.0,0.0,1.0,0.0,0.0,0.0,0.0,1.0,0.0,0.11111111111111116,0.833333333333333,0.4285714285714286,1.0,0.0,0,0
469,0.0,1.0,0.0,0.0,1.0,0.0,0.0,0.0,0.0,1.0,0.0,0.11111111111111116,0.833333333333333,0.4285714285714286,1.0,0.0,0,0
470,0.0,0.0,1.0,0.0,1.0,0.0,0.0,0.0,0.0,1.0,0.0,0.11111111111111116,0.833333333333333,0.4285714285714286,1.0,0.0,0,0
471,0.0,0.0,0.0,1.0,1.0,0.0,0.0,0.0,0.0,1.0,0.0,0.11111111111111116,0.833333333333333,0.4285714285714286,1.0,0.0,0,0
472,1.0,0.0,0.0,0.0,1.0,0.0,0.0,0.0,0.0,1.0,0.0,0.05555555555555558,0.9166666666666665,0.5714285714285714,1.0,0.0,0,0
473,0.0,1.0,0.0,0.0,1.0,0.0,0.0,0.0,0.0,1.0,0.0,0.05555555555555558,0.9166666666666665,0.5714285714285714,1.0,0.0,0,0
474,0.0,0.0,1.0,0.0,1.0,0.0,0.0,0.0,0.0,1.0,0.0,0.05555555555555558,0.9166666666666665,0.5714285714285714,1.0,0.0,0,0
475,0.0,0.0,0.0,1.0,1.0,0.0,0.0,0.0,0.0,1.0,0.0,0.05555555555555558,0.9166666666666665,0.5714285714285714,1.0,0.0,0,0
476,1.0,0.0,0.0,0.0,1.0,0.0,0.0,0.0,0.0,1.0,0.0,0.0,1.0,0.7142857142857142,1.0,0.0,0,0
477,0.0,1.0,0.0,0.0,1.0,0.0,0.0,0.0,0.0,1.0,0.0,0.0,1.0,0.7142857142857142,1.0,0.0,0,0
478,0.0,0.0,1.0,0.0,1.0,0.0,0.0,0.0,0.0,1.0,0.0,0.0,1.0,0.7142857142857142,1.0,0.0,0,0
479,0.0,0.0,0.0,1.0,1.0,0.0,0.0,0.0,0.0,1.0,0.0,0.0,1.0,0.7142857142857142,1.0,0.0,0,0
480,1.0,0.0,0.0,0.0,1.0,0.0,0.0,0.0,0.0,0.0,1.0,0.9999999999999998,0.0,0.2857142857142856,0.0,1.0,1,1
481,0.0,1.0,0.0,0.0,1.0,0.0,0.0,0.0,0.0,0.0,1.0,0.9999999999999998,0.0,0.2857142857142856,0.0,1.0,1,1
482,0.0,0.0,1.0,0.0,1.0,0.0,0.0,0.0,0.0,0.0,1.0,0.9999999999999998,0.0,0.2857142857142856,0.0,1.0,1,1
483,0.0,0.0,0.0,1.0,1.0,0.0,0.0,0.0,0.0,0.0,1.0,0.9999999999999998,0.0,0.2857142857142856,0.0,1.0,1,1
484,1.0,0.0,0.0,0.0,1.0,0.0,0.0,0.0,0.0,0.0,1.0,0.7777777777777779,0.16666666666666652,0.4285714285714286,0.11111111111111116,1.0,1,1
485,0.0,1.0,0.0,0.0,1.0,0.0,0.0,0.0,0.0,0.0,1.0,0.7777777777777779,0.16666666666666652,0.4285714285714286,0.11111111111111116,1.0,1,1
486,0.0,0.0,1.0,0.0,1.0,0.0,0.0,0.0,0.0,0.0,1.0,0.7777777777777779,0.16666666666666652,0.4285714285714286,0.11111111111111116,1.0,1,1
487,0.0,0.0,0.0,1.0,1.0,0.0,0.0,0.0,0.0,0.0,1.0,0.7777777777777779,0.16666666666666652,0.4285714285714286,0.11111111111111116,1.0,1,1
488,1.0,0.0,0.0,0.0,1.0,0.0,0.0,0.0,0.0,0.0,1.0,0.6666666666666667,0.25,0.2857142857142856,0.33333333333333326,1.0,1,1
489,0.0,1.0,0.0,0.0,1.0,0.0,0.0,0.0,0.0,0.0,1.0,0.6666666666666667,0.25,0.2857142857142856,0.33333333333333326,1.0,1,1
490,0.0,0.0,1.0,0.0,1.0,0.0,0.0,0.0,0.0,0.0,1.0,0.6666666666666667,0.25,0.2857142857142856,0.33333333333333326,1.0,1,1
491,0.0,0.0,0.0,1.0,1.0,0.0,0.0,0.0,0.0,0.0,1.0,0.6666666666666667,0.25,0.2857142857142856,0.33333333333333326,1.0,1,1
492,1.0,0.0,0.0,0.0,1.0,0.0,0.0,0.0,0.0,0.0,1.0,0.5555555555555556,0.33333333333333304,0.4285714285714286,0.33333333333333326,1.0,1,1
493,0.0,1.0,0.0,0.0,1.0,0.0,0.0,0.0,0.0,0.0,1.0,0.5555555555555556,0.33333333333333304,0.4285714285714286,0.33333333333333326,1.0,1,1
494,0.0,0.0,1.0,0.0,1.0,0.0,0.0,0.0,0.0,0.0,1.0,0.5555555555555556,0.33333333333333304,0.4285714285714286,0.33333333333333326,1.0,1,1
495,0.0,0.0,0.0,1.0,1.0,0.0,0.0,0.0,0.0,0.0,1.0,0.5555555555555556,0.33333333333333304,0.4285714285714286,0.33333333333333326,1.0,1,1
496,1.0,0.0,0.0,0.0,1.0,0.0,0.0,0.0,0.0,0.0,1.0,0.47222222222222254,0.4166666666666665,0.5714285714285714,0.33333333333333326,1.0,1,1
497,0.0,1.0,0.0,0.0,1.0,0.0,0.0,0.0,0.0,0.0,1.0,0.47222222222222254,0.4166666666666665,0.5714285714285714,0.33333333333333326,1.0,1,1
498,0.0,0.0,1.0,0.0,1.0,0.0,0.0,0.0,0.0,0.0,1.0,0.47222222222222254,0.4166666666666665,0.5714285714285714,0.33333333333333326,1.0,1,1
499,0.0,0.0,0.0,1.0,1.0,0.0,0.0,0.0,0.0,0.0,1.0,0.47222222222222254,0.4166666666666665,0.5714285714285714,0.33333333333333326,1.0,1,1
500,1.0,0.0,0.0,0.0,1.0,0.0,0.0,0.0,0.0,0.0,1.0,0.38888888888888906,0.5,0.9999999999999998,0.11111111111111116,1.0,1,1
501,0.0,1.0,0.0,0.0,1.0,0.0,0.0,0.0,0.0,0.0,1.0,0.38888888888888906,0.5,0.9999999999999998,0.11111111111111116,1.0,1,1
502,0.0,0.0,1.0,0.0,1.0,0.0,0.0,0.0,0.0,0.0,1.0,0.38888888888888906,0.5,0.9999999999999998,0.11111111111111116,1.0,1,1
503,0.0,0.0,0.0,1.0,1.0,0.0,0.0,0.0,0.0,0.0,1.0,0.38888888888888906,0.5,0.9999999999999998,0.11111111111111116,1.0,1,1
504,1.0,0.0,0.0,0.0,1.0,0.0,0.0,0.0,0.0,0.0,1.0,0.33333333333333326,0.583333333333333,0.0,1.0,0.0,0,0
505,0.0,1.0,0.0,0.0,1.0,0.0,0.0,0.0,0.0,0.0,1.0,0.33333333333333326,0.583333333333333,0.0,1.0,0.0,0,0
506,0.0,0.0,1.0,0.0,1.0,0.0,0.0,0.0,0.0,0.0,1.0,0.33333333333333326,0.583333333333333,0.0,1.0,0.0,0,0
507,0.0,0.0,0.0,1.0,1.0,0.0,0.0,0.0,0.0,0.0,1.0,0.33333333333333326,0.583333333333333,0.0,1.0,0.0,0,0
508,1.0,0.0,0.0,0.0,1.0,0.0,0.0,0.0,0.0,0.0,1.0,0.25,0.6666666666666665,0.1428571428571428,1.0,0.0,0,0
509,0.0,1.0,0.0,0.0,1.0,0.0,0.0,0.0,0.0,0.0,1.0,0.25,0.6666666666666665,0.1428571428571428,1.0,0.0,0,0
510,0.0,0.0,1.0,0.0,1.0,0.0,0.0,0.0,0.0,0.0,1.0,0.25,0.6666666666666665,0.1428571428571428,1.0,0.0,0,0
511,0.0,0.0,0.0,1.0,1.0,0.0,0.0,0.0,0.0,0.0,1.0,0.25,0.6666666666666665,0.1428571428571428,1.0,0.0,0,0
512,1.0,0.0,0.0,0.0,1.0,0.0,0.0,0.0,0.0,0.0,1.0,0.19444444444444442,0.75,0.2857142857142856,1.0,0.0,0,0
513,0.0,1.0,0.0,0.0,1.0,0.0,0.0,0.0,0.0,0.0,1.0,0.19444444444444442,0.75,0.2857142857142856,1.0,0.0,0,0
514,0.0,0.0,1.0,0.0,1.0,0.0,0.0,0.0,0.0,0.0,1.0,0.19444444444444442,0.75,0.2857142857142856,1.0,0.0,0,0
515,0.0,0.0,0.0,1.0,1.0,0.0,0.0,0.0,0.0,0.0,1.0,0.19444444444444442,0.75,0.2857142857142856,1.0,0.0,0,0
516,1.0,0.0,0.0,0.0,1.0,0.0,0.0,0.0,0.0,0.0,1.0,0.11111111111111116,0.833333333333333,0.4285714285714286,1.0,0.0,0,0
517,0.0,1.0,0.0,0.0,1.0,0.0,0.0,0.0,0.0,0.0,1.0,0.11111111111111116,0.833333333333333,0.4285714285714286,1.0,0.0,0,0
518,0.0,0.0,1.0,0.0,1.0,0.0,0.0,0.0,0.0,0.0,1.0,0.11111111111111116,0.833333333333333,0.4285714285714286,1.0,0.0,0,0
519,0.0,0.0,0.0,1.0,1.0,0.0,0.0,0.0,0.0,0.0,1.0,0.11111111111111116,0.833333333333333,0.4285714285714286,1.0,0.0,0,0
520,1.0,0.0,0.0,0.0,1.0,0.0,0.0,0.0,0.0,0.0,1.0,0.05555555555555558,0.9166666666666665,0.5714285714285714,1.0,0.0,0,0
521,0.0,1.0,0.0,0.0,1.0,0.0,0.0,0.0,0.0,0.0,1.0,0.05555555555555558,0.9166666666666665,0.5714285714285714,1.0,0.0,0,0
522,0.0,0.0,1.0,0.0,1.0,0.0,0.0,0.0,0.0,0.0,1.0,0.05555555555555558,0.9166666666666665,0.5714285714285714,1.0,0.0,0,0
523,0.0,0.0,0.0,1.0,1.0,0.0,0.0,0.0,0.0,0.0,1.0,0.05555555555555558,0.9166666666666665,0.5714285714285714,1.0,0.0,0,0
524,1.0,0.0,0.0,0.0,1.0,0.0,0.0,0.0,0.0,0.0,1.0,0.0,1.0,0.7142857142857142,1.0,0.0,0,0
525,0.0,1.0,0.0,0.0,1.0,0.0,0.0,0.0,0.0,0.0,1.0,0.0,1.0,0.7142857142857142,1.0,0.0,0,0
526,0.0,0.0,1.0,0.0,1.0,0.0,0.0,0.0,0.0,0.0,1.0,0.0,1.0,0.7142857142857142,1.0,0.0,0,0
527,0.0,0.0,0.0,1.0,1.0,0.0,0.0,0.0,0.0,0.0,1.0,0.0,1.0,0.7142857142857142,1.0,0.0,0,0
528,1.0,0.0,0.0,0.0,1.0,0.0,1.0,0.0,0.0,0.0,0.0,0.9999999999999998,0.0,0.2857142857142856,0.0,1.0,1,1
529,0.0,1.0,0.0,0.0,1.0,0.0,1.0,0.0,0.0,0.0,0.0,0.9999999999999998,0.0,0.2857142857142856,0.0,1.0,1,1
530,0.0,0.0,1.0,0.0,1.0,0.0,1.0,0.0,0.0,0.0,0.0,0.9999999999999998,0.0,0.2857142857142856,0.0,1.0,1,1
531,0.0,0.0,0.0,1.0,1.0,0.0,1.0,0.0,0.0,0.0,0.0,0.9999999999999998,0.0,0.2857142857142856,0.0,1.0,1,1
532,1.0,0.0,0.0,0.0,1.0,0.0,1.0,0.0,0.0,0.0,0.0,0.7777777777777779,0.16666666666666652,0.4285714285714286,0.11111111111111116,1.0,1,1
533,0.0,1.0,0.0,0.0,1.0,0.0,1.0,0.0,0.0,0.0,0.0,0.7777777777777779,0.16666666666666652,0.4285714285714286,0.11111111111111116,1.0,1,1
534,0.0,0.0,1.0,0.0,1.0,0.0,1.0,0.0,0.0,0.0,0.0,0.7777777777777779,0.16666666666666652,0.4285714285714286,0.11111111111111116,1.0,1,1
535,0.0,0.0,0.0,1.0,1.0,0.0,1.0,0.0,0.0,0.0,0.0,0.7777777777777779,0.16666666666666652,0.4285714285714286,0.11111111111111116,1.0,1,1
536,1.0,0.0,0.0,0.0,1.0,0.0,1.0,0.0,0.0,0.0,0.0,0.6666666666666667,0.25,0.2857142857142856,0.33333333333333326,1.0,1,1
537,0.0,1.0,0.0,0.0,1.0,0.0,1.0,0.0,0.0,0.0,0.0,0.6666666666666667,0.25,0.2857142857142856,0.33333333333333326,1.0,1,1
538,0.0,0.0,1.0,0.0,1.0,0.0,1.0,0.0,0.0,0.0,0.0,0.6666666666666667,0.25,0.2857142857142856,0.33333333333333326,1.0,1,1
539,0.0,0.0,0.0,1.0,1.0,0.0,1.0,0.0,0.0,0.0,0.0,0.6666666666666667,0.25,0.2857142857142856,0.33333333333333326,1.0,1,1
540,1.0,0.0,0.0,0.0,1.0,0.0,1.0,0.0,0.0,0.0,0.0,0.5555555555555556,0.33333333333333304,0.4285714285714286,0.33333333333333326,1.0,1,1
541,0.0,1.0,0.0,0.0,1.0,0.0,1.0,0.0,0.0,0.0,0.0,0.5555555555555556,0.33333333333333304,0.4285714285714286,0.33333333333333326,1.0,1,1
542,0.0,0.0,1.0,0.0,1.0,0.0,1.0,0.0,0.0,0.0,0.0,0.5555555555555556,0.33333333333333304,0.4285714285714286,0.33333333333333326,1.0,1,1
543,0.0,0.0,0.0,1.0,1.0,0.0,1.0,0.0,0.0,0.0,0.0,0.5555555555555556,0.33333333333333304,0.4285714285714286,0.33333333333333326,1.0,1,1
544,1.0,0.0,0.0,0.0,1.0,0.0,1.0,0.0,0.0,0.0,0.0,0.47222222222222254,0.4166666666666665,0.5714285714285714,0.33333333333333326,1.0,1,1
545,0.0,1.0,0.0,0.0,1.0,0.0,1.0,0.0,0.0,0.0,0.0,0.47222222222222254,0.4166666666666665,0.5714285714285714,0.33333333333333326,1.0,1,1
546,0.0,0.0,1.0,0.0,1.0,0.0,1.0,0.0,0.0,0.0,0.0,0.47222222222222254,0.4166666666666665,0.5714285714285714,0.33333333333333326,1.0,1,1
547,0.0,0.0,0.0,1.0,1.0,0.0,1.0,0.0,0.0,0.0,0.0,0.47222222222222254,0.4166666666666665,0.5714285714285714,0.33333333333333326,1.0,1,1
548,1.0,0.0,0.0,0.0,1.0,0.0,1.0,0.0,0.0,0.0,0.0,0.38888888888888906,0.5,0.9999999999999998,0.11111111111111116,1.0,1,1
549,0.0,1.0,0.0,0.0,1.0,0.0,1.0,0.0,0.0,0.0,0.0,0.38888888888888906,0.5,0.9999999999999998,0.11111111111111116,1.0,1,1
550,0.0,0.0,1.0,0.0,1.0,0.0,1.0,0.0,0.0,0.0,0.0,0.38888888888888906,0.5,0.9999999999999998,0.11111111111111116,1.0,1,1
551,0.0,0.0,0.0,1.0,1.0,0.0,1.0,0.0,0.0,0.0,0.0,0.38888888888888906,0.5,0.9999999999999998,0.11111111111111116,1.0,1,1
552,1.0,0.0,0.0,0.0,1.0,0.0,1.0,0.0,0.0,0.0,0.0,0.33333333333333326,0.583333333333333,0.0,1.0,0.0,0,0
553,0.0,1.0,0.0,0.0,1.0,0.0,1.0,0.0,0.0,0.0,0.0,0.33333333333333326,0.583333333333333,0.0,1.0,0.0,0,0
554,0.0,0.0,1.0,0.0,1.0,0.0,1.0,0.0,0.0,0.0,0.0,0.33333333333333326,0.583333333333333,0.0,1.0,0.0,0,0
555,0.0,0.0,0.0,1.0,1.0,0.0,1.0,0.0,0.0,0.0,0.0,0.33333333333333326,0.583333333333333,0.0,1.0,0.0,0,0
556,1.0,0.0,0.0,0.0,1.0,0.0,1.0,0.0,0.0,0.0,0.0,0.25,0.6666666666666665,0.1428571428571428,1.0,0.0,0,0
557,0.0,1.0,0.0,0.0,1.0,0.0,1.0,0.0,0.0,0.0,0.0,0.25,0.6666666666666665,0.1428571428571428,1.0,0.0,0,0
558,0.0,0.0,1.0,0.0,1.0,0.0,1.0,0.0,0.0,0.0,0.0,0.25,0.6666666666666665,0.1428571428571428,1.0,0.0,0,0
559,0.0,0.0,0.0,1.0,1.0,0.0,1.0,0.0,0.0,0.0,0.0,0.25,0.6666666666666665,0.1428571428571428,1.0,0.0,0,0
560,1.0,0.0,0.0,0.0,1.0,0.0,1.0,0.0,0.0,0.0,0.0,0.19444444444444442,0.75,0.2857142857142856,1.0,0.0,0,0
561,0.0,1.0,0.0,0.0,1.0,0.0,1.0,0.0,0.0,0.0,0.0,0.19444444444444442,0.75,0.2857142857142856,1.0,0.0,0,0
562,0.0,0.0,1.0,0.0,1.0,0.0,1.0,0.0,0.0,0.0,0.0,0.19444444444444442,0.75,0.2857142857142856,1.0,0.0,0,0
563,0.0,0.0,0.0,1.0,1.0,0.0,1.0,0.0,0.0,0.0,0.0,0.19444444444444442,0.75,0.2857142857142856,1.0,0.0,0,0
564,1.0,0.0,0.0,0.0,1.0,0.0,1.0,0.0,0.0,0.0,0.0,0.11111111111111116,0.833333333333333,0.4285714285714286,1.0,0.0,0,0
565,0.0,1.0,0.0,0.0,1.0,0.0,1.0,0.0,0.0,0.0,0.0,0.11111111111111116,0.833333333333333,0.4285714285714286,1.0,0.0,0,0
566,0.0,0.0,1.0,0.0,1.0,0.0,1.0,0.0,0.0,0.0,0.0,0.11111111111111116,0.833333333333333,0.4285714285714286,1.0,0.0,0,0
567,0.0,0.0,0.0,1.0,1.0,0.0,1.0,0.0,0.0,0.0,0.0,0.11111111111111116,0.833333333333333,0.4285714285714286,1.0,0.0,0,0
568,1.0,0.0,0.0,0.0,1.0,0.0,1.0,0.0,0.0,0.0,0.0,0.05555555555555558,0.9166666666666665,0.5714285714285714,1.0,0.0,0,0
569,0.0,1.0,0.0,0.0,1.0,0.0,1.0,0.0,0.0,0.0,0.0,0.05555555555555558,0.9166666666666665,0.5714285714285714,1.0,0.0,0,0
570,0.0,0.0,1.0,0.0,1.0,0.0,1.0,0.0,0.0,0.0,0.0,0.05555555555555558,0.9166666666666665,0.5714285714285714,1.0,0.0,0,0
571,0.0,0.0,0.0,1.0,1.0,0.0,1.0,0.0,0.0,0.0,0.0,0.05555555555555558,0.9166666666666665,0.5714285714285714,1.0,0.0,0,0
572,1.0,0.0,0.0,0.0,1.0,0.0,1.0,0.0,0.0,0.0,0.0,0.0,1.0,0.7142857142857142,1.0,0.0,0,0
573,0.0,1.0,0.0,0.0,1.0,0.0,1.0,0.0,0.0,0.0,0.0,0.0,1.0,0.7142857142857142,1.0,0.0,0,0
574,0.0,0.0,1.0,0.0,1.0,0.0,1.0,0.0,0.0,0.0,0.0,0.0,1.0,0.7142857142857142,1.0,0.0,0,0
575,0.0,0.0,0.0,1.0,1.0,0.0,1.0,0.0,0.0,0.0,0.0,0.0,1.0,0.7142857142857142,1.0,0.0,0,0
576,1.0,0.0,0.0,0.0,1.0,0.0,0.0,1.0,0.0,0.0,0.0,0.9999999999999998,0.0,0.2857142857142856,0.0,1.0,1,1
577,0.0,1.0,0.0,0.0,1.0,0.0,0.0,1.0,0.0,0.0,0.0,0.9999999999999998,0.0,0.2857142857142856,0.0,1.0,1,1
578,0.0,0.0,1.0,0.0,1.0,0.0,0.0,1.0,0.0,0.0,0.0,0.9999999999999998,0.0,0.2857142857142856,0.0,1.0,1,1
579,0.0,0.0,0.0,1.0,1.0,0.0,0.0,1.0,0.0,0.0,0.0,0.9999999999999998,0.0,0.2857142857142856,0.0,1.0,1,1
580,1.0,0.0,0.0,0.0,1.0,0.0,0.0,1.0,0.0,0.0,0.0,0.7777777777777779,0.16666666666666652,0.4285714285714286,0.11111111111111116,1.0,1,1
581,0.0,1.0,0.0,0.0,1.0,0.0,0.0,1.0,0.0,0.0,0.0,0.7777777777777779,0.16666666666666652,0.4285714285714286,0.11111111111111116,1.0,1,1
582,0.0,0.0,1.0,0.0,1.0,0.0,0.0,1.0,0.0,0.0,0.0,0.7777777777777779,0.16666666666666652,0.4285714285714286,0.11111111111111116,1.0,1,1
583,0.0,0.0,0.0,1.0,1.0,0.0,0.0,1.0,0.0,0.0,0.0,0.7777777777777779,0.16666666666666652,0.4285714285714286,0.11111111111111116,1.0,1,1
584,1.0,0.0,0.0,0.0,1.0,0.0,0.0,1.0,0.0,0.0,0.0,0.6666666666666667,0.25,0.2857142857142856,0.33333333333333326,1.0,1,1
585,0.0,1.0,0.0,0.0,1.0,0.0,0.0,1.0,0.0,0.0,0.0,0.6666666666666667,0.25,0.2857142857142856,0.33333333333333326,1.0,1,1
586,0.0,0.0,1.0,0.0,1.0,0.0,0.0,1.0,0.0,0.0,0.0,0.6666666666666667,0.25,0.2857142857142856,0.33333333333333326,1.0,1,1
587,0.0,0.0,0.0,1.0,1.0,0.0,0.0,1.0,0.0,0.0,0.0,0.6666666666666667,0.25,0.2857142857142856,0.33333333333333326,1.0,1,1
588,1.0,0.0,0.0,0.0,1.0,0.0,0.0,1.0,0.0,0.0,0.0,0.5555555555555556,0.33333333333333304,0.4285714285714286,0.33333333333333326,1.0,1,1
589,0.0,1.0,0.0,0.0,1.0,0.0,0.0,1.0,0.0,0.0,0.0,0.5555555555555556,0.33333333333333304,0.4285714285714286,0.33333333333333326,1.0,1,1
590,0.0,0.0,1.0,0.0,1.0,0.0,0.0,1.0,0.0,0.0,0.0,0.5555555555555556,0.33333333333333304,0.4285714285714286,0.33333333333333326,1.0,1,1
591,0.0,0.0,0.0,1.0,1.0,0.0,0.0,1.0,0.0,0.0,0.0,0.5555555555555556,0.33333333333333304,0.4285714285714286,0.33333333333333326,1.0,1,1
592,1.0,0.0,0.0,0.0,1.0,0.0,0.0,1.0,0.0,0.0,0.0,0.47222222222222254,0.4166666666666665,0.5714285714285714,0.33333333333333326,1.0,1,1
593,0.0,1.0,0.0,0.0,1.0,0.0,0.0,1.0,0.0,0.0,0.0,0.47222222222222254,0.4166666666666665,0.5714285714285714,0.33333333333333326,1.0,1,1
594,0.0,0.0,1.0,0.0,1.0,0.0,0.0,1.0,0.0,0.0,0.0,0.47222222222222254,0.4166666666666665,0.5714285714285714,0.33333333333333326,1.0,1,1
595,0.0,0.0,0.0,1.0,1.0,0.0,0.0,1.0,0.0,0.0,0.0,0.47222222222222254,0.4166666666666665,0.5714285714285714,0.33333333333333326,1.0,1,1
596,1.0,0.0,0.0,0.0,1.0,0.0,0.0,1.0,0.0,0.0,0.0,0.38888888888888906,0.5,0.9999999999999998,0.11111111111111116,1.0,1,1
597,0.0,1.0,0.0,0.0,1.0,0.0,0.0,1.0,0.0,0.0,0.0,0.38888888888888906,0.5,0.9999999999999998,0.11111111111111116,1.0,1,1
598,0.0,0.0,1.0,0.0,1.0,0.0,0.0,1.0,0.0,0.0,0.0,0.38888888888888906,0.5,0.9999999999999998,0.11111111111111116,1.0,1,1
599,0.0,0.0,0.0,1.0,1.0,0.0,0.0,1.0,0.0,0.0,0.0,0.38888888888888906,0.5,0.9999999999999998,0.11111111111111116,1.0,1,1
600,1.0,0.0,0.0,0.0,1.0,0.0,0.0,1.0,0.0,0.0,0.0,0.33333333333333326,0.583333333333333,0.0,1.0,0.0,0,0
601,0.0,1.0,0.0,0.0,1.0,0.0,0.0,1.0,0.0,0.0,0.0,0.33333333333333326,0.583333333333333,0.0,1.0,0.0,0,0
602,0.0,0.0,1.0,0.0,1.0,0.0,0.0,1.0,0.0,0.0,0.0,0.33333333333333326,0.583333333333333,0.0,1.0,0.0,0,0
603,0.0,0.0,0.0,1.0,1.0,0.0,0.0,1.0,0.0,0.0,0.0,0.33333333333333326,0.583333333333333,0.0,1.0,0.0,0,0
604,1.0,0.0,0.0,0.0,1.0,0.0,0.0,1.0,0.0,0.0,0.0,0.25,0.6666666666666665,0.1428571428571428,1.0,0.0,0,0
605,0.0,1.0,0.0,0.0,1.0,0.0,0.0,1.0,0.0,0.0,0.0,0.25,0.6666666666666665,0.1428571428571428,1.0,0.0,0,0
606,0.0,0.0,1.0,0.0,1.0,0.0,0.0,1.0,0.0,0.0,0.0,0.25,0.6666666666666665,0.1428571428571428,1.0,0.0,0,0
607,0.0,0.0,0.0,1.0,1.0,0.0,0.0,1.0,0.0,0.0,0.0,0.25,0.6666666666666665,0.1428571428571428,1.0,0.0,0,0
608,1.0,0.0,0.0,0.0,1.0,0.0,0.0,1.0,0.0,0.0,0.0,0.19444444444444442,0.75,0.2857142857142856,1.0,0.0,0,0
609,0.0,1.0,0.0,0.0,1.0,0.0,0.0,1.0,0.0,0.0,0.0,0.19444444444444442,0.75,0.2857142857142856,1.0,0.0,0,0
610,0.0,0.0,1.0,0.0,1.0,0.0,0.0,1.0,0.0,0.0,0.0,0.19444444444444442,0.75,0.2857142857142856,1.0,0.0,0,0
611,0.0,0.0,0.0,1.0,1.0,0.0,0.0,1.0,0.0,0.0,0.0,0.19444444444444442,0.75,0.2857142857142856,1.0,0.0,0,0
612,1.0,0.0,0.0,0.0,1.0,0.0,0.0,1.0,0.0,0.0,0.0,0.11111111111111116,0.833333333333333,0.4285714285714286,1.0,0.0,0,0
613,0.0,1.0,0.0,0.0,1.0,0.0,0.0,1.0,0.0,0.0,0.0,0.11111111111111116,0.833333333333333,0.4285714285714286,1.0,0.0,0,0
614,0.0,0.0,1.0,0.0,1.0,0.0,0.0,1.0,0.0,0.0,0.0,0.11111111111111116,0.833333333333333,0.4285714285714286,1.0,0.0,0,0
615,0.0,0.0,0.0,1.0,1.0,0.0,0.0,1.0,0.0,0.0,0.0,0.11111111111111116,0.833333333333333,0.4285714285714286,1.0,0.0,0,0
616,1.0,0.0,0.0,0.0,1.0,0.0,0.0,1.0,0.0,0.0,0.0,0.05555555555555558,0.9166666666666665,0.5714285714285714,1.0,0.0,0,0
617,0.0,1.0,0.0,0.0,1.0,0.0,0.0,1.0,0.0,0.0,0.0,0.05555555555555558,0.9166666666666665,0.5714285714285714,1.0,0.0,0,0
618,0.0,0.0,1.0,0.0,1.0,0.0,0.0,1.0,0.0,0.0,0.0,0.05555555555555558,0.9166666666666665,0.5714285714285714,1.0,0.0,0,0
619,0.0,0.0,0.0,1.0,1.0,0.0,0.0,1.0,0.0,0.0,0.0,0.05555555555555558,0.9166666666666665,0.5714285714285714,1.0,0.0,0,0
620,1.0,0.0,0.0,0.0,1.0,0.0,0.0,1.0,0.0,0.0,0.0,0.0,1.0,0.7142857142857142,1.0,0.0,0,0
621,0.0,1.0,0.0,0.0,1.0,0.0,0.0,1.0,0.0,0.0,0.0,0.0,1.0,0.7142857142857142,1.0,0.0,0,0
622,0.0,0.0,1.0,0.0,1.0,0.0,0.0,1.0,0.0,0.0,0.0,0.0,1.0,0.7142857142857142,1.0,0.0,0,0
623,0.0,0.0,0.0,1.0,1.0,0.0,0.0,1.0,0.0,0.0,0.0,0.0,1.0,0.7142857142857142,1.0,0.0,0,0
624,1.0,0.0,0.0,0.0,1.0,0.0,0.0,0.0,1.0,0.0,0.0,0.9999999999999998,0.0,0.2857142857142856,0.0,1.0,1,1
625,0.0,1.0,0.0,0.0,1.0,0.0,0.0,0.0,1.0,0.0,0.0,0.9999999999999998,0.0,0.2857142857142856,0.0,1.0,1,1
626,0.0,0.0,1.0,0.0,1.0,0.0,0.0,0.0,1.0,0.0,0.0,0.9999999999999998,0.0,0.2857142857142856,0.0,1.0,1,1
627,0.0,0.0,0.0,1.0,1.0,0.0,0.0,0.0,1.0,0.0,0.0,0.9999999999999998,0.0,0.2857142857142856,0.0,1.0,1,1
628,1.0,0.0,0.0,0.0,1.0,0.0,0.0,0.0,1.0,0.0,0.0,0.7777777777777779,0.16666666666666652,0.4285714285714286,0.11111111111111116,1.0,1,1
629,0.0,1.0,0.0,0.0,1.0,0.0,0.0,0.0,1.0,0.0,0.0,0.7777777777777779,0.16666666666666652,0.4285714285714286,0.11111111111111116,1.0,1,1
630,0.0,0.0,1.0,0.0,1.0,0.0,0.0,0.0,1.0,0.0,0.0,0.7777777777777779,0.16666666666666652,0.4285714285714286,0.11111111111111116,1.0,1,1
631,0.0,0.0,0.0,1.0,1.0,0.0,0.0,0.0,1.0,0.0,0.0,0.7777777777777779,0.16666666666666652,0.4285714285714286,0.11111111111111116,1.0,1,1
632,1.0,0.0,0.0,0.0,1.0,0.0,0.0,0.0,1.0,0.0,0.0,0.6666666666666667,0.25,0.2857142857142856,0.33333333333333326,1.0,1,1
633,0.0,1.0,0.0,0.0,1.0,0.0,0.0,0.0,1.0,0.0,0.0,0.6666666666666667,0.25,0.2857142857142856,0.33333333333333326,1.0,1,1
634,0.0,0.0,1.0,0.0,1.0,0.0,0.0,0.0,1.0,0.0,0.0,0.6666666666666667,0.25,0.2857142857142856,0.33333333333333326,1.0,1,1
635,0.0,0.0,0.0,1.0,1.0,0.0,0.0,0.0,1.0,0.0,0.0,0.6666666666666667,0.25,0.2857142857142856,0.33333333333333326,1.0,1,1
636,1.0,0.0,0.0,0.0,1.0,0.0,0.0,0.0,1.0,0.0,0.0,0.5555555555555556,0.33333333333333304,0.4285714285714286,0.33333333333333326,1.0,1,1
637,0.0,1.0,0.0,0.0,1.0,0.0,0.0,0.0,1.0,0.0,0.0,0.5555555555555556,0.33333333333333304,0.4285714285714286,0.33333333333333326,1.0,1,1
638,0.0,0.0,1.0,0.0,1.0,0.0,0.0,0.0,1.0,0.0,0.0,0.5555555555555556,0.33333333333333304,0.4285714285714286,0.33333333333333326,1.0,1,1
639,0.0,0.0,0.0,1.0,1.0,0.0,0.0,0.0,1.0,0.0,0.0,0.5555555555555556,0.33333333333333304,0.4285714285714286,0.33333333333333326,1.0,1,1
640,1.0,0.0,0.0,0.0,1.0,0.0,0.0,0.0,1.0,0.0,0.0,0.47222222222222254,0.4166666666666665,0.5714285714285714,0.33333333333333326,1.0,1,1
641,0.0,1.0,0.0,0.0,1.0,0.0,0.0,0.0,1.0,0.0,0.0,0.47222222222222254,0.4166666666666665,0.5714285714285714,0.33333333333333326,1.0,1,1
642,0.0,0.0,1.0,0.0,1.0,0.0,0.0,0.0,1.0,0.0,0.0,0.47222222222222254,0.4166666666666665,0.5714285714285714,0.33333333333333326,1.0,1,1
643,0.0,0.0,0.0,1.0,1.0,0.0,0.0,0.0,1.0,0.0,0.0,0.47222222222222254,0.4166666666666665,0.5714285714285714,0.33333333333333326,1.0,1,1
644,1.0,0.0,0.0,0.0,1.0,0.0,0.0,0.0,1.0,0.0,0.0,0.38888888888888906,0.5,0.9999999999999998,0.11111111111111116,1.0,1,1
645,0.0,1.0,0.0,0.0,1.0,0.0,0.0,0.0,1.0,0.0,0.0,0.38888888888888906,0.5,0.9999999999999998,0.11111111111111116,1.0,1,1
646,0.0,0.0,1.0,0.0,1.0,0.0,0.0,0.0,1.0,0.0,0.0,0.38888888888888906,0.5,0.9999999999999998,0.11111111111111116,1.0,1,1
647,0.0,0.0,0.0,1.0,1.0,0.0,0.0,0.0,1.0,0.0,0.0,0.38888888888888906,0.5,0.9999999999999998,0.11111111111111116,1.0,1,1
648,1.0,0.0,0.0,0.0,1.0,0.0,0.0,0.0,1.0,0.0,0.0,0.33333333333333326,0.583333333333333,0.0,1.0,0.0,0,0
649,0.0,1.0,0.0,0.0,1.0,0.0,0.0,0.0,1.0,0.0,0.0,0.33333333333333326,0.583333333333333,0.0,1.0,0.0,0,0
650,0.0,0.0,1.0,0.0,1.0,0.0,0.0,0.0,1.0,0.0,0.0,0.33333333333333326,0.583333333333333,0.0,1.0,0.0,0,0
651,0.0,0.0,0.0,1.0,1.0,0.0,0.0,0.0,1.0,0.0,0.0,0.33333333333333326,0.583333333333333,0.0,1.0,0.0,0,0
652,1.0,0.0,0.0,0.0,1.0,0.0,0.0,0.0,1.0,0.0,0.0,0.25,0.6666666666666665,0.1428571428571428,1.0,0.0,0,0
653,0.0,1.0,0.0,0.0,1.0,0.0,0.0,0.0,1.0,0.0,0.0,0.25,0.6666666666666665,0.1428571428571428,1.0,0.0,0,0
654,0.0,0.0,1.0,0.0,1.0,0.0,0.0,0.0,1.0,0.0,0.0,0.25,0.6666666666666665,0.1428571428571428,1.0,0.0,0,0
655,0.0,0.0,0.0,1.0,1.0,0.0,0.0,0.0,1.0,0.0,0.0,0.25,0.6666666666666665,0.1428571428571428,1.0,0.0,0,0
656,1.0,0.0,0.0,0.0,1.0,0.0,0.0,0.0,1.0,0.0,0.0,0.19444444444444442,0.75,0.2857142857142856,1.0,0.0,0,0
657,0.0,1.0,0.0,0.0,1.0,0.0,0.0,0.0,1.0,0.0,0.0,0.19444444444444442,0.75,0.2857142857142856,1.0,0.0,0,0
658,0.0,0.0,1.0,0.0,1.0,0.0,0.0,0.0,1.0,0.0,0.0,0.19444444444444442,0.75,0.2857142857142856,1.0,0.0,0,0
659,0.0,0.0,0.0,1.0,1.0,0.0,0.0,0.0,1.0,0.0,0.0,0.19444444444444442,0.75,0.2857142857142856,1.0,0.0,0,0
660,1.0,0.0,0.0,0.0,1.0,0.0,0.0,0.0,1.0,0.0,0.0,0.11111111111111116,0.833333333333333,0.4285714285714286,1.0,0.0,0,0
661,0.0,1.0,0.0,0.0,1.0,0.0,0.0,0.0,1.0,0.0,0.0,0.11111111111111116,0.833333333333333,0.4285714285714286,1.0,0.0,0,0
662,0.0,0.0,1.0,0.0,1.0,0.0,0.0,0.0,1.0,0.0,0.0,0.11111111111111116,0.833333333333333,0.4285714285714286,1.0,0.0,0,0
663,0.0,0.0,0.0,1.0,1.0,0.0,0.0,0.0,1.0,0.0,0.0,0.11111111111111116,0.833333333333333,0.4285714285714286,1.0,0.0,0,0
664,1.0,0.0,0.0,0.0,1.0,0.0,0.0,0.0,1.0,0.0,0.0,0.05555555555555558,0.9166666666666665,0.5714285714285714,1.0,0.0,0,0
665,0.0,1.0,0.0,0.0,1.0,0.0,0.0,0.0,1.0,0.0,0.0,0.05555555555555558,0.9166666666666665,0.5714285714285714,1.0,0.0,0,0
666,0.0,0.0,1.0,0.0,1.0,0.0,0.0,0.0,1.0,0.0,0.0,0.05555555555555558,0.9166666666666665,0.5714285714285714,1.0,0.0,0,0
667,0.0,0.0,0.0,1.0,1.0,0.0,0.0,0.0,1.0,0.0,0.0,0.05555555555555558,0.9166666666666665,0.5714285714285714,1.0,0.0,0,0
668,1.0,0.0,0.0,0.0,1.0,0.0,0.0,0.0,1.0,0.0,0.0,0.0,1.0,0.7142857142857142,1.0,0.0,0,0
669,0.0,1.0,0.0,0.0,1.0,0.0,0.0,0.0,1.0,0.0,0.0,0.0,1.0,0.7142857142857142,1.0,0.0,0,0
670,0.0,0.0,1.0,0.0,1.0,0.0,0.0,0.0,1.0,0.0,0.0,0.0,1.0,0.7142857142857142,1.0,0.0,0,0
671,0.0,0.0,0.0,1.0,1.0,0.0,0.0,0.0,1.0,0.0,0.0,0.0,1.0,0.7142857142857142,1.0,0.0,0,0
672,1.0,0.0,0.0,0.0,1.0,0.0,0.0,0.0,0.0,1.0,0.0,0.9999999999999998,0.0,0.2857142857142856,0.0,1.0,1,1
673,0.0,1.0,0.0,0.0,1.0,0.0,0.0,0.0,0.0,1.0,0.0,0.9999999999999998,0.0,0.2857142857142856,0.0,1.0,1,1
674,0.0,0.0,1.0,0.0,1.0,0.0,0.0,0.0,0.0,1.0,0.0,0.9999999999999998,0.0,0.2857142857142856,0.0,1.0,1,1
675,0.0,0.0,0.0,1.0,1.0,0.0,0.0,0.0,0.0,1.0,0.0,0.9999999999999998,0.0,0.2857142857142856,0.0,1.0,1,1
676,1.0,0.0,0.0,0.0,1.0,0.0,0.0,0.0,0.0,1.0,0.0,0.7777777777777779,0.16666666666666652,0.4285714285714286,0.11111111111111116,1.0,1,1
677,0.0,1.0,0.0,0.0,1.0,0.0,0.0,0.0,0.0,1.0,0.0,0.7777777777777779,0.16666666666666652,0.4285714285714286,0.11111111111111116,1.0,1,1
678,0.0,0.0,1.0,0.0,1.0,0.0,0.0,0.0,0.0,1.0,0.0,0.7777777777777779,0.16666666666666652,0.4285714285714286,0.11111111111111116,1.0,1,1
679,0.0,0.0,0.0,1.0,1.0,0.0,0.0,0.0,0.0,1.0,0.0,0.7777777777777779,0.16666666666666652,0.4285714285714286,0.11111111111111116,1.0,1,1
680,1.0,0.0,0.0,0.0,1.0,0.0,0.0,0.0,0.0,1.0,0.0,0.6666666666666667,0.25,0.2857142857142856,0.33333333333333326,1.0,1,1
681,0.0,1.0,0.0,0.0,1.0,0.0,0.0,0.0,0.0,1.0,0.0,0.6666666666666667,0.25,0.2857142857142856,0.33333333333333326,1.0,1,1
682,0.0,0.0,1.0,0.0,1.0,0.0,0.0,0.0,0.0,1.0,0.0,0.6666666666666667,0.25,0.2857142857142856,0.33333333333333326,1.0,1,1
683,0.0,0.0,0.0,1.0,1.0,0.0,0.0,0.0,0.0,1.0,0.0,0.6666666666666667,0.25,0.2857142857142856,0.33333333333333326,1.0,1,1
684,1.0,0.0,0.0,0.0,1.0,0.0,0.0,0.0,0.0,1.0,0.0,0.5555555555555556,0.33333333333333304,0.4285714285714286,0.33333333333333326,1.0,1,1
685,0.0,1.0,0.0,0.0,1.0,0.0,0.0,0.0,0.0,1.0,0.0,0.5555555555555556,0.33333333333333304,0.4285714285714286,0.33333333333333326,1.0,1,1
686,0.0,0.0,1.0,0.0,1.0,0.0,0.0,0.0,0.0,1.0,0.0,0.5555555555555556,0.33333333333333304,0.4285714285714286,0.33333333333333326,1.0,1,1
687,0.0,0.0,0.0,1.0,1.0,0.0,0.0,0.0,0.0,1.0,0.0,0.5555555555555556,0.33333333333333304,0.4285714285714286,0.33333333333333326,1.0,1,1
688,1.0,0.0,0.0,0.0,1.0,0.0,0.0,0.0,0.0,1.0,0.0,0.47222222222222254,0.4166666666666665,0.5714285714285714,0.33333333333333326,1.0,1,1
689,0.0,1.0,0.0,0.0,1.0,0.0,0.0,0.0,0.0,1.0,0.0,0.47222222222222254,0.4166666666666665,0.5714285714285714,0.33333333333333326,1.0,1,1
690,0.0,0.0,1.0,0.0,1.0,0.0,0.0,0.0,0.0,1.0,0.0,0.47222222222222254,0.4166666666666665,0.5714285714285714,0.33333333333333326,1.0,1,1
691,0.0,0.0,0.0,1.0,1.0,0.0,0.0,0.0,0.0,1.0,0.0,0.47222222222222254,0.4166666666666665,0.5714285714285714,0.33333333333333326,1.0,1,1
692,1.0,0.0,0.0,0.0,1.0,0.0,0.0,0.0,0.0,1.0,0.0,0.38888888888888906,0.5,0.9999999999999998,0.11111111111111116,1.0,1,1
693,0.0,1.0,0.0,0.0,1.0,0.0,0.0,0.0,0.0,1.0,0.0,0.38888888888888906,0.5,0.9999999999999998,0.11111111111111116,1.0,1,1
694,0.0,0.0,1.0,0.0,1.0,0.0,0.0,0.0,0.0,1.0,0.0,0.38888888888888906,0.5,0.9999999999999998,0.11111111111111116,1.0,1,1
695,0.0,0.0,0.0,1.0,1.0,0.0,0.0,0.0,0.0,1.0,0.0,0.38888888888888906,0.5,0.9999999999999998,0.11111111111111116,1.0,1,1
696,1.0,0.0,0.0,0.0,1.0,0.0,0.0,0.0,0.0,1.0,0.0,0.33333333333333326,0.583333333333333,0.0,1.0,0.0,0,0
697,0.0,1.0,0.0,0.0,1.0,0.0,0.0,0.0,0.0,1.0,0.0,0.33333333333333326,0.583333333333333,0.0,1.0,0.0,0,0
698,0.0,0.0,1.0,0.0,1.0,0.0,0.0,0.0,0.0,1.0,0.0,0.33333333333333326,0.583333333333333,0.0,1.0,0.0,0,0
699,0.0,0.0,0.0,1.0,1.0,0.0,0.0,0.0,0.0,1.0,0.0,0.33333333333333326,0.583333333333333,0.0,1.0,0.0,0,0
700,1.0,0.0,0.0,0.0,1.0,0.0,0.0,0.0,0.0,1.0,0.0,0.25,0.6666666666666665,0.1428571428571428,1.0,0.0,0,0
701,0.0,1.0,0.0,0.0,1.0,0.0,0.0,0.0,0.0,1.0,0.0,0.25,0.6666666666666665,0.1428571428571428,1.0,0.0,0,0
702,0.0,0.0,1.0,0.0,1.0,0.0,0.0,0.0,0.0,1.0,0.0,0.25,0.6666666666666665,0.1428571428571428,1.0,0.0,0,0
703,0.0,0.0,0.0,1.0,1.0,0.0,0.0,0.0,0.0,1.0,0.0,0.25,0.6666666666666665,0.1428571428571428,1.0,0.0,0,0
704,1.0,0.0,0.0,0.0,1.0,0.0,0.0,0.0,0.0,1.0,0.0,0.19444444444444442,0.75,0.2857142857142856,1.0,0.0,0,0
705,0.0,1.0,0.0,0.0,1.0,0.0,0.0,0.0,0.0,1.0,0.0,0.19444444444444442,0.75,0.2857142857142856,1.0,0.0,0,0
706,0.0,0.0,1.0,0.0,1.0,0.0,0.0,0.0,0.0,1.0,0.0,0.19444444444444442,0.75,0.2857142857142856,1.0,0.0,0,0
707,0.0,0.0,0.0,1.0,1.0,0.0,0.0,0.0,0.0,1.0,0.0,0.19444444444444442,0.75,0.2857142857142856,1.0,0.0,0,0
708,1.0,0.0,0.0,0.0,1.0,0.0,0.0,0.0,0.0,1.0,0.0,0.11111111111111116,0.833333333333333,0.4285714285714286,1.0,0.0,0,0
709,0.0,1.0,0.0,0.0,1.0,0.0,0.0,0.0,0.0,1.0,0.0,0.11111111111111116,0.833333333333333,0.4285714285714286,1.0,0.0,0,0
710,0.0,0.0,1.0,0.0,1.0,0.0,0.0,0.0,0.0,1.0,0.0,0.11111111111111116,0.833333333333333,0.4285714285714286,1.0,0.0,0,0
711,0.0,0.0,0.0,1.0,1.0,0.0,0.0,0.0,0.0,1.0,0.0,0.11111111111111116,0.833333333333333,0.4285714285714286,1.0,0.0,0,0
712,1.0,0.0,0.0,0.0,1.0,0.0,0.0,0.0,0.0,1.0,0.0,0.05555555555555558,0.9166666666666665,0.5714285714285714,1.0,0.0,0,0
713,0.0,1.0,0.0,0.0,1.0,0.0,0.0,0.0,0.0,1.0,0.0,0.05555555555555558,0.9166666666666665,0.5714285714285714,1.0,0.0,0,0
714,0.0,0.0,1.0,0.0,1.0,0.0,0.0,0.0,0.0,1.0,0.0,0.05555555555555558,0.9166666666666665,0.5714285714285714,1.0,0.0,0,0
715,0.0,0.0,0.0,1.0,1.0,0.0,0.0,0.0,0.0,1.0,0.0,0.05555555555555558,0.9166666666666665,0.5714285714285714,1.0,0.0,0,0
716,1.0,0.0,0.0,0.0,1.0,0.0,0.0,0.0,0.0,1.0,0.0,0.0,1.0,0.7142857142857142,1.0,0.0,0,0
717,0.0,1.0,0.0,0.0,1.0,0.0,0.0,0.0,0.0,1.0,0.0,0.0,1.0,0.7142857142857142,1.0,0.0,0,0
718,0.0,0.0,1.0,0.0,1.0,0.0,0.0,0.0,0.0,1.0,0.0,0.0,1.0,0.7142857142857142,1.0,0.0,0,0
719,0.0,0.0,0.0,1.0,1.0,0.0,0.0,0.0,0.0,1.0,0.0,0.0,1.0,0.7142857142857142,1.0,0.0,0,0
720,1.0,0.0,0.0,0.0,1.0,0.0,0.0,0.0,0.0,0.0,1.0,0.9999999999999998,0.0,0.2857142857142856,0.0,1.0,1,1
721,0.0,1.0,0.0,0.0,1.0,0.0,0.0,0.0,0.0,0.0,1.0,0.9999999999999998,0.0,0.2857142857142856,0.0,1.0,1,1
722,0.0,0.0,1.0,0.0,1.0,0.0,0.0,0.0,0.0,0.0,1.0,0.9999999999999998,0.0,0.2857142857142856,0.0,1.0,1,1
723,0.0,0.0,0.0,1.0,1.0,0.0,0.0,0.0,0.0,0.0,1.0,0.9999999999999998,0.0,0.2857142857142856,0.0,1.0,1,1
724,1.0,0.0,0.0,0.0,1.0,0.0,0.0,0.0,0.0,0.0,1.0,0.7777777777777779,0.16666666666666652,0.4285714285714286,0.11111111111111116,1.0,1,1
725,0.0,1.0,0.0,0.0,1.0,0.0,0.0,0.0,0.0,0.0,1.0,0.7777777777777779,0.16666666666666652,0.4285714285714286,0.11111111111111116,1.0,1,1
726,0.0,0.0,1.0,0.0,1.0,0.0,0.0,0.0,0.0,0.0,1.0,0.7777777777777779,0.16666666666666652,0.4285714285714286,0.11111111111111116,1.0,1,1
727,0.0,0.0,0.0,1.0,1.0,0.0,0.0,0.0,0.0,0.0,1.0,0.7777777777777779,0.16666666666666652,0.4285714285714286,0.11111111111111116,1.0,1,1
728,1.0,0.0,0.0,0.0,1.0,0.0,0.0,0.0,0.0,0.0,1.0,0.6666666666666667,0.25,0.2857142857142856,0.33333333333333326,1.0,1,1
729,0.0,1.0,0.0,0.0,1.0,0.0,0.0,0.0,0.0,0.0,1.0,0.6666666666666667,0.25,0.2857142857142856,0.33333333333333326,1.0,1,1
730,0.0,0.0,1.0,0.0,1.0,0.0,0.0,0.0,0.0,0.0,1.0,0.6666666666666667,0.25,0.2857142857142856,0.33333333333333326,1.0,1,1
731,0.0,0.0,0.0,1.0,1.0,0.0,0.0,0.0,0.0,0.0,1.0,0.6666666666666667,0.25,0.2857142857142856,0.33333333333333326,1.0,1,1
732,1.0,0.0,0.0,0.0,1.0,0.0,0.0,0.0,0.0,0.0,1.0,0.5555555555555556,0.33333333333333304,0.4285714285714286,0.33333333333333326,1.0,1,1
733,0.0,1.0,0.0,0.0,1.0,0.0,0.0,0.0,0.0,0.0,1.0,0.5555555555555556,0.33333333333333304,0.4285714285714286,0.33333333333333326,1.0,1,1
734,0.0,0.0,1.0,0.0,1.0,0.0,0.0,0.0,0.0,0.0,1.0,0.5555555555555556,0.33333333333333304,0.4285714285714286,0.33333333333333326,1.0,1,1
735,0.0,0.0,0.0,1.0,1.0,0.0,0.0,0.0,0.0,0.0,1.0,0.5555555555555556,0.33333333333333304,0.4285714285714286,0.33333333333333326,1.0,1,1
736,1.0,0.0,0.0,0.0,1.0,0.0,0.0,0.0,0.0,0.0,1.0,0.47222222222222254,0.4166666666666665,0.5714285714285714,0.33333333333333326,1.0,1,1
737,0.0,1.0,0.0,0.0,1.0,0.0,0.0,0.0,0.0,0.0,1.0,0.47222222222222254,0.4166666666666665,0.5714285714285714,0.33333333333333326,1.0,1,1
738,0.0,0.0,1.0,0.0,1.0,0.0,0.0,0.0,0.0,0.0,1.0,0.47222222222222254,0.4166666666666665,0.5714285714285714,0.33333333333333326,1.0,1,1
739,0.0,0.0,0.0,1.0,1.0,0.0,0.0,0.0,0.0,0.0,1.0,0.47222222222222254,0.4166666666666665,0.5714285714285714,0.33333333333333326,1.0,1,1
740,1.0,0.0,0.0,0.0,1.0,0.0,0.0,0.0,0.0,0.0,1.0,0.38888888888888906,0.5,0.9999999999999998,0.11111111111111116,1.0,1,1
741,0.0,1.0,0.0,0.0,1.0,0.0,0.0,0.0,0.0,0.0,1.0,0.38888888888888906,0.5,0.9999999999999998,0.11111111111111116,1.0,1,1
742,0.0,0.0,1.0,0.0,1.0,0.0,0.0,0.0,0.0,0.0,1.0,0.38888888888888906,0.5,0.9999999999999998,0.11111111111111116,1.0,1,1
743,0.0,0.0,0.0,1.0,1.0,0.0,0.0,0.0,0.0,0.0,1.0,0.38888888888888906,0.5,0.9999999999999998,0.11111111111111116,1.0,1,1
744,1.0,0.0,0.0,0.0,1.0,0.0,0.0,0.0,0.0,0.0,1.0,0.33333333333333326,0.583333333333333,0.0,1.0,0.0,0,0
745,0.0,1.0,0.0,0.0,1.0,0.0,0.0,0.0,0.0,0.0,1.0,0.33333333333333326,0.583333333333333,0.0,1.0,0.0,0,0
746,0.0,0.0,1.0,0.0,1.0,0.0,0.0,0.0,0.0,0.0,1.0,0.33333333333333326,0.583333333333333,0.0,1.0,0.0,0,0
747,0.0,0.0,0.0,1.0,1.0,0.0,0.0,0.0,0.0,0.0,1.0,0.33333333333333326,0.583333333333333,0.0,1.0,0.0,0,0
748,1.0,0.0,0.0,0.0,1.0,0.0,0.0,0.0,0.0,0.0,1.0,0.25,0.6666666666666665,0.1428571428571428,1.0,0.0,0,0
749,0.0,1.0,0.0,0.0,1.0,0.0,0.0,0.0,0.0,0.0,1.0,0.25,0.6666666666666665,0.1428571428571428,1.0,0.0,0,0
750,0.0,0.0,1.0,0.0,1.0,0.0,0.0,0.0,0.0,0.0,1.0,0.25,0.6666666666666665,0.1428571428571428,1.0,0.0,0,0
751,0.0,0.0,0.0,1.0,1.0,0.0,0.0,0.0,0.0,0.0,1.0,0.25,0.6666666666666665,0.1428571428571428,1.0,0.0,0,0
752,1.0,0.0,0.0,0.0,1.0,0.0,0.0,0.0,0.0,0.0,1.0,0.19444444444444442,0.75,0.2857142857142856,1.0,0.0,0,0
753,0.0,1.0,0.0,0.0,1.0,0.0,0.0,0.0,0.0,0.0,1.0,0.19444444444444442,0.75,0.2857142857142856,1.0,0.0,0,0
754,0.0,0.0,1.0,0.0,1.0,0.0,0.0,0.0,0.0,0.0,1.0,0.19444444444444442,0.75,0.2857142857142856,1.0,0.0,0,0
755,0.0,0.0,0.0,1.0,1.0,0.0,0.0,0.0,0.0,0.0,1.0,0.19444444444444442,0.75,0.2857142857142856,1.0,0.0,0,0
756,1.0,0.0,0.0,0.0,1.0,0.0,0.0,0.0,0.0,0.0,1.0,0.11111111111111116,0.833333333333333,0.4285714285714286,1.0,0.0,0,0
757,0.0,1.0,0.0,0.0,1.0,0.0,0.0,0.0,0.0,0.0,1.0,0.11111111111111116,0.833333333333333,0.4285714285714286,1.0,0.0,0,0
758,0.0,0.0,1.0,0.0,1.0,0.0,0.0,0.0,0.0,0.0,1.0,0.11111111111111116,0.833333333333333,0.4285714285714286,1.0,0.0,0,0
759,0.0,0.0,0.0,1.0,1.0,0.0,0.0,0.0,0.0,0.0,1.0,0.11111111111111116,0.833333333333333,0.4285714285714286,1.0,0.0,0,0
760,1.0,0.0,0.0,0.0,1.0,0.0,0.0,0.0,0.0,0.0,1.0,0.05555555555555558,0.9166666666666665,0.5714285714285714,1.0,0.0,0,0
761,0.0,1.0,0.0,0.0,1.0,0.0,0.0,0.0,0.0,0.0,1.0,0.05555555555555558,0.9166666666666665,0.5714285714285714,1.0,0.0,0,0
762,0.0,0.0,1.0,0.0,1.0,0.0,0.0,0.0,0.0,0.0,1.0,0.05555555555555558,0.9166666666666665,0.5714285714285714,1.0,0.0,0,0
763,0.0,0.0,0.0,1.0,1.0,0.0,0.0,0.0,0.0,0.0,1.0,0.05555555555555558,0.9166666666666665,0.5714285714285714,1.0,0.0,0,0
764,1.0,0.0,0.0,0.0,1.0,0.0,0.0,0.0,0.0,0.0,1.0,0.0,1.0,0.7142857142857142,1.0,0.0,0,0
765,0.0,1.0,0.0,0.0,1.0,0.0,0.0,0.0,0.0,0.0,1.0,0.0,1.0,0.7142857142857142,1.0,0.0,0,0
766,0.0,0.0,1.0,0.0,1.0,0.0,0.0,0.0,0.0,0.0,1.0,0.0,1.0,0.7142857142857142,1.0,0.0,0,0
767,0.0,0.0,0.0,1.0,1.0,0.0,0.0,0.0,0.0,0.0,1.0,0.0,1.0,0.7142857142857142,1.0,0.0,0,0
